atleta_id,nome,clube,posicao,status_id,preco,variacao,media,jogos,pontos_rodada,entrou_em_campo,mandante,adversario,residuo_z,armadilha_label,media_bayesiana,pb_media,confiabilidade,score_confronto_100
147297,William Fernando,CRU,Lateral,6,1.0,0.0,0.0,0,0.0,False,True,RBB,1.094,valor_bom,0.0,0.0,0.0,59.9
133673,Mateus Xavier,SAN,Atacante,6,2.0,0.0,0.0,0,0.0,False,True,CAM,-0.569,armadilha_leve,0.0,0.0,0.0,43.7
115025,Miguelito,SAN,Meia,6,4.04,0.0,1.9,4,0.0,False,True,CAM,-0.011,neutro,1.858,1.9,0.5,43.4
144423,Nicolas Pontes,CRU,Lateral,6,1.0,0.0,0.0,0,0.0,False,True,RBB,1.094,valor_bom,0.0,0.0,0.0,59.9
126471,Barreal,SAN,Meia,3,9.96,-0.27,3.64,9,0.3,True,True,CAM,-0.189,neutro,3.937,3.08,1.0,43.4
141776,Gustavo Henrique,SAN,Meia,7,2.54,-0.24,1.5,4,1.5,True,True,CAM,0.204,neutro,1.037,1.5,0.5,43.4
78850,Reinaldo,MIR,Lateral,7,8.72,-0.35,0.77,6,1.7,True,True,BAH,-1.322,armadilha_leve,3.595,0.77,0.75,29.6
100652,Yuri Alberto,COR,Atacante,7,11.42,-0.26,2.75,6,1.0,True,True,PAL,-0.701,armadilha_leve,3.899,1.42,0.75,30.9
80287,Luciano,SAO,Atacante,6,13.18,-0.5,4.34,9,-0.9,True,False,VIT,-0.447,neutro,4.538,2.01,1.0,33.2
39148,Hulk,CAM,Atacante,7,11.96,-0.87,5.02,10,1.2,True,False,SAN,0.156,neutro,4.905,2.72,1.0,48.9
89368,Braithwaite,GRE,Atacante,6,10.15,-0.81,0.97,3,1.5,True,False,INT,-0.571,armadilha_leve,3.727,0.97,0.375,45.4
146991,Rhuan Gabriel,CRU,Meia,6,1.39,0.0,1.2,1,0.0,False,True,RBB,1.223,valor_bom,0.849,1.2,0.125,44.2
128433,Johan Rojas,VAS,Meia,7,4.04,0.22,1.41,8,1.7,True,False,REM,-0.263,neutro,1.624,0.78,1.0,66.3
142049,Bruno Alves,CRU,Zagueiro,6,2.0,0.0,0.0,0,0.0,False,True,RBB,-0.403,neutro,0.0,0.0,0.0,59.8
86292,Bolasie,CHA,Atacante,7,3.86,-0.05,1.18,8,1.2,True,False,CAP,-0.272,neutro,1.677,1.18,1.0,23.4
123649,Janderson,CRU,Zagueiro,6,1.0,0.0,0.0,0,0.0,False,True,RBB,0.891,valor_bom,0.0,0.0,0.0,59.8
91639,Igor Cariús,MIR,Lateral,6,2.94,0.0,1.0,1,0.0,False,True,BAH,0.281,neutro,1.759,1.0,0.125,29.6
106104,Enamorado,GRE,Atacante,7,7.34,-0.13,3.45,9,3.5,True,False,INT,0.557,valor_bom,4.067,2.89,1.0,45.4
142130,Marcelo Eráclito,CRU,Goleiro,6,1.0,0.0,0.0,0,0.0,False,True,RBB,0.705,valor_bom,0.0,0.0,0.0,59.8
78946,Dória,SAO,Zagueiro,6,6.45,-0.55,0.0,1,0.0,True,False,VIT,0.55,valor_bom,3.563,0.0,0.125,49.6
103445,Kaio Jorge,CRU,Atacante,7,12.03,-1.29,4.62,6,1.2,True,True,RBB,-0.056,neutro,4.701,1.95,0.75,45.0
94583,Pedro,FLA,Atacante,7,16.34,1.28,6.68,8,9.0,True,False,FLU,0.146,neutro,5.721,2.43,1.0,40.4
147287,Kaiquy Luiz,CRU,Zagueiro,6,1.0,0.0,0.0,0,0.0,False,True,RBB,0.891,valor_bom,0.0,0.0,0.0,59.8
118655,Saldivia,VAS,Zagueiro,7,5.41,0.34,2.34,7,3.6,True,False,REM,-0.201,neutro,2.425,2.34,0.875,44.8
114802,Vitor Roque,PAL,Atacante,6,17.99,0.0,8.72,6,0.0,False,False,COR,0.61,valor_bom,6.458,4.72,0.75,65.0
81121,Lucas Mugni,MIR,Meia,6,7.0,0.0,0.0,0,0.0,False,True,BAH,-3.45,armadilha_forte,0.0,0.0,0.0,23.3
112367,Thalisson Gabriel,REM,Zagueiro,6,3.0,0.0,0.0,0,0.0,False,True,VAS,-1.321,armadilha_leve,0.0,0.0,0.0,41.9
131516,JP Chermont,CFC,Lateral,2,5.45,-0.01,4.33,7,0.9,True,False,BOT,0.376,neutro,3.708,2.33,0.875,37.0
108713,Galeano,MIR,Atacante,6,5.54,0.51,1.74,7,4.7,True,True,BAH,-0.803,armadilha_leve,1.972,1.74,0.875,24.1
126182,Paulinho,INT,Meia,7,4.99,0.56,2.86,9,4.2,True,True,GRE,0.012,neutro,2.379,2.86,1.0,72.9
101908,Willian Machado,MIR,Zagueiro,7,4.4,0.0,2.06,7,0.0,False,True,BAH,0.204,neutro,2.294,2.06,0.875,29.1
145400,Cauê,RBB,Lateral,6,4.87,0.0,5.25,2,0.0,False,False,CRU,0.61,valor_bom,3.581,3.75,0.25,51.4
133696,Wallace Davi,BOT,Meia,6,4.0,0.0,0.0,0,0.0,False,True,CFC,-1.988,armadilha_forte,0.0,0.0,0.0,50.0
130280,Phillipe Gabriel,VAS,Goleiro,6,1.0,0.0,0.0,0,0.0,False,False,REM,0.705,valor_bom,0.0,0.0,0.0,45.5
126120,Marcelinho,RBB,Meia,6,3.71,0.68,4.75,2,3.2,True,False,CRU,0.805,valor_bom,2.42,2.25,0.25,60.0
94514,Lucas Oliveira,MIR,Zagueiro,6,4.24,0.24,1.4,1,1.4,True,True,BAH,0.39,neutro,2.377,1.4,0.125,29.1
115986,Denilson,MIR,Meia,6,4.05,0.0,0.8,3,0.0,False,True,BAH,-0.344,neutro,1.555,0.8,0.375,23.3
147090,Kauã Pascini,CAM,Lateral,6,2.85,0.0,5.0,1,0.0,False,False,SAN,0.826,valor_bom,2.204,2.0,0.125,52.6
132412,Román Gómez,BAH,Lateral,6,8.47,0.0,7.1,2,0.0,False,False,MIR,1.235,valor_bom,5.991,5.6,0.25,71.6
141139,Mateus Iseppe,CAM,Meia,6,2.0,0.0,0.0,0,0.0,False,False,SAN,-0.398,neutro,0.0,0.0,0.0,48.9
146894,João Bom,CHA,Atacante,6,2.0,0.0,0.0,0,0.0,False,False,CAP,-0.569,armadilha_leve,0.0,0.0,0.0,23.4
90061,Bruno Pacheco,CHA,Lateral,2,5.15,-0.56,0.35,2,0.2,True,False,CAP,-0.574,armadilha_leve,2.601,0.35,0.25,27.3
70666,Marllon,REM,Zagueiro,7,5.94,1.08,2.9,10,6.2,True,True,VAS,-0.133,neutro,2.722,2.6,1.0,41.9
103183,Andrew,FLA,Goleiro,6,3.0,0.0,0.0,0,0.0,False,False,FLU,-1.163,armadilha_leve,0.0,0.0,0.0,33.9
114040,Minda,CAM,Atacante,5,7.36,0.0,1.93,4,0.0,False,False,SAN,0.31,neutro,3.818,1.93,0.5,48.9
102909,Luan,SAO,Meia,6,3.01,0.0,0.5,3,0.0,False,False,VIT,-0.524,armadilha_leve,0.722,0.5,0.375,32.8
91251,Rodrigues,MIR,Zagueiro,6,4.11,0.0,2.0,1,0.0,False,True,BAH,-0.174,neutro,1.782,2.0,0.125,29.1
141131,Vitão,CAM,Zagueiro,6,1.0,0.0,0.0,0,0.0,False,False,SAN,0.891,valor_bom,0.0,0.0,0.0,52.4
51413,Walter,MIR,Goleiro,7,5.57,0.44,2.93,8,2.9,True,True,BAH,0.818,valor_bom,3.53,2.93,1.0,30.5
70449,Gabriel,VIT,Goleiro,2,5.6,0.0,2.2,2,0.0,False,True,SAO,1.007,valor_bom,3.744,0.0,0.25,54.9
83433,Patrick,REM,Meia,7,4.87,1.33,2.13,7,7.3,True,True,VAS,-0.361,neutro,1.974,2.13,0.875,57.2
100342,Léo Andrade,REM,Zagueiro,6,4.79,0.0,2.95,4,0.0,False,True,VAS,0.366,neutro,2.649,2.95,0.5,41.9
141873,Jacaré,COR,Lateral,6,2.0,0.0,0.0,0,0.0,False,True,PAL,-0.47,neutro,0.0,0.0,0.0,26.0
116034,Victor Hugo,CAM,Meia,7,8.62,2.26,4.74,10,13.3,True,False,SAN,0.856,valor_bom,4.531,2.74,1.0,48.9
130048,Noriega,GRE,Zagueiro,7,7.42,0.0,5.0,7,0.0,False,False,INT,1.142,valor_bom,4.471,3.0,0.875,53.5
105089,Tetê,GRE,Atacante,6,10.08,0.55,3.98,8,4.5,True,False,INT,0.07,neutro,4.371,2.98,1.0,45.4
93988,Breno Lopes,CFC,Atacante,7,8.29,0.03,4.1,9,2.3,True,False,BOT,0.594,valor_bom,4.411,1.43,1.0,60.5
106302,Preciado,CAM,Lateral,6,7.95,0.0,4.58,6,0.0,False,False,SAN,0.67,valor_bom,5.228,3.58,0.75,52.6
69208,Gabriel Paulista,COR,Zagueiro,7,9.43,0.0,4.7,6,0.0,False,True,PAL,0.28,neutro,4.305,3.2,0.75,25.4
141614,Paulinho,SAO,Atacante,5,2.0,0.0,0.0,0,0.0,False,False,VIT,-0.569,armadilha_leve,0.0,0.0,0.0,33.2
106708,Igor Formiga,MIR,Lateral,7,8.07,-0.89,5.29,8,5.0,True,True,BAH,0.9,valor_bom,5.502,3.79,1.0,29.6
89256,Gerson,CRU,Meia,7,7.97,-0.23,2.61,9,2.2,True,True,RBB,-0.154,neutro,3.391,2.61,1.0,44.2
103388,Emmanuel Martínez,VIT,Meia,7,5.75,0.0,3.2,5,0.0,False,True,SAO,1.235,valor_bom,3.859,3.2,0.625,35.6
71536,Luiz Gustavo,CAP,Meia,7,6.08,0.09,3.12,7,2.8,True,True,CHA,0.952,valor_bom,3.734,2.41,0.875,68.5
110633,Gustavo,CFC,Meia,6,4.0,0.0,0.0,0,0.0,False,False,BOT,-1.988,armadilha_forte,0.0,0.0,0.0,60.8
146374,Gilberto,CAP,Lateral,6,4.28,0.0,6.2,1,0.0,False,True,CHA,-0.256,neutro,2.337,3.2,0.125,80.5
147864,Rafael Monti,REM,Atacante,6,3.56,0.0,0.0,1,0.0,False,True,VAS,0.151,neutro,1.933,0.0,0.125,57.0
147194,Bruninho,CAP,Meia,6,1.78,-0.32,-0.02,4,-0.3,True,True,CHA,0.409,neutro,0.53,0.0,0.5,68.5
142265,Dell,BAH,Atacante,6,1.82,-0.38,0.65,4,-0.3,True,False,MIR,0.425,neutro,0.851,0.65,0.5,70.6
105157,Villagra,INT,Meia,7,5.97,-0.37,2.16,5,2.2,True,True,GRE,0.704,valor_bom,3.459,2.16,0.625,72.9
114308,Cufré,REM,Lateral,6,3.45,0.0,-0.3,1,0.0,False,True,VAS,-0.337,neutro,1.615,0.0,0.125,42.2
95362,Cassierra,CAM,Atacante,6,5.23,-0.26,0.53,7,-0.3,True,False,SAN,-1.217,armadilha_leve,1.407,0.53,0.875,48.9
122554,Freitas,REM,Meia,6,1.0,0.0,0.0,0,0.0,False,True,VAS,0.863,valor_bom,0.0,0.0,0.0,57.2
105842,Edu,VIT,Zagueiro,5,4.13,0.0,1.5,1,0.0,False,True,SAO,-0.246,neutro,1.727,1.5,0.125,54.7
86859,José Welison,REM,Meia,6,3.29,0.0,1.05,7,0.0,False,True,VAS,-0.52,armadilha_leve,0.92,1.05,0.875,57.2
123689,Milans,COR,Lateral,6,8.25,0.0,5.55,2,0.0,False,True,PAL,1.008,valor_bom,5.681,4.05,0.25,26.0
89918,Everton Galdino,MIR,Atacante,6,2.85,0.0,0.63,4,0.0,False,True,BAH,-0.438,neutro,0.844,0.63,0.5,24.1
113125,Picco,REM,Meia,7,7.15,-0.81,4.42,9,3.3,True,True,VAS,1.177,valor_bom,4.35,3.86,1.0,57.2
97906,Riccieli,VIT,Zagueiro,6,4.85,0.0,3.5,2,0.0,False,True,SAO,0.387,neutro,2.699,2.0,0.25,54.7
68952,Marinho,VIT,Atacante,5,5.91,0.0,1.8,2,0.0,False,True,SAO,-0.832,armadilha_leve,2.099,1.8,0.25,36.1
140496,Tiaguinho,GRE,Meia,6,1.0,0.0,0.0,0,0.0,False,False,INT,0.863,valor_bom,0.0,0.0,0.0,45.3
110598,Marino Hinestroza,VAS,Atacante,6,6.52,-0.57,2.37,6,2.5,True,False,REM,0.522,valor_bom,3.737,2.37,0.75,65.8
107859,Fintelman,VIT,Goleiro,6,2.0,0.0,0.0,0,0.0,False,True,SAO,-0.388,neutro,0.0,0.0,0.0,54.9
146623,Luis Pacheco,PAL,Meia,6,2.54,0.0,0.0,1,0.0,False,False,COR,-0.142,neutro,0.716,0.0,0.125,65.4
87552,Vitor Bueno,REM,Meia,5,10.04,0.0,5.37,7,0.0,False,True,VAS,0.7,valor_bom,4.784,3.23,0.875,57.2
90370,Matheus Pereira,COR,Meia,6,3.76,-0.47,1.07,6,-0.3,True,True,PAL,-0.209,neutro,1.509,1.07,0.75,30.5
99789,Brenner,VAS,Atacante,5,7.6,0.0,3.4,6,0.0,False,False,REM,0.581,valor_bom,4.178,2.07,0.75,65.8
130906,Riquelme,CAP,Meia,6,0.71,0.0,-0.3,1,0.0,False,True,CHA,2.086,valor_oculto,0.683,0.0,0.125,68.5
145436,Belé,PAL,Atacante,6,3.0,0.0,0.0,0,0.0,False,False,COR,-1.361,armadilha_leve,0.0,0.0,0.0,65.0
107093,Luciano Juba,BAH,Lateral,7,10.13,-2.49,7.12,9,-0.4,True,False,MIR,1.09,valor_bom,6.458,3.23,1.0,71.6
147088,Cissé,CAM,Meia,6,1.42,-0.3,1.1,3,0.0,True,False,SAN,1.224,valor_bom,0.886,1.1,0.375,48.9
141628,Pablo Lúcio,FLA,Meia,6,2.0,0.0,0.0,0,0.0,False,False,FLU,-0.398,neutro,0.0,0.0,0.0,40.2
107075,Yuri Sena,VIT,Goleiro,6,1.0,0.0,0.0,0,0.0,False,True,SAO,0.705,valor_bom,0.0,0.0,0.0,54.9
145404,Arthur,PAL,Lateral,7,3.11,1.08,2.62,6,5.6,True,False,COR,0.551,valor_bom,2.182,2.12,0.75,73.9
101729,Fabinho,CFC,Atacante,6,1.51,-0.13,-0.03,6,0.0,True,False,BOT,0.436,neutro,0.531,0.0,0.75,60.5
130608,Riquelme Fillipi,PAL,Atacante,6,0.71,0.0,-0.3,1,0.0,False,False,COR,1.764,valor_oculto,0.812,0.0,0.125,65.0
141551,Índio,CAM,Meia,6,1.0,0.0,0.0,0,0.0,False,False,SAN,0.863,valor_bom,0.0,0.0,0.0,48.9
104134,Fabri,VIT,Atacante,6,5.57,0.0,3.32,5,0.0,False,True,SAO,-0.193,neutro,2.615,2.32,0.625,36.1
142638,João Victor,INT,Atacante,6,1.0,0.0,0.0,0,0.0,False,True,GRE,0.546,valor_bom,0.0,0.0,0.0,73.4
147202,João Bezerra,INT,Atacante,6,1.0,0.0,0.0,0,0.0,False,True,GRE,0.546,valor_bom,0.0,0.0,0.0,73.4
147883,João Vitor,VAS,Atacante,6,1.18,0.0,0.67,3,0.0,False,False,REM,1.156,valor_bom,0.874,0.67,0.375,65.8
141406,Andrey Fernandes,VAS,Atacante,6,1.41,0.0,1.7,1,0.0,False,False,REM,1.035,valor_bom,1.034,1.7,0.125,65.8
118844,Kaio César,COR,Atacante,6,10.83,0.0,9.3,1,0.0,False,True,PAL,0.757,valor_bom,5.266,4.3,0.125,30.9
124270,Allex,INT,Meia,6,1.77,0.0,2.3,1,0.0,False,True,GRE,0.896,valor_bom,0.971,2.3,0.125,72.9
147788,Arthur Izaque,BOT,Atacante,6,1.0,0.0,0.0,0,0.0,False,True,CFC,0.546,valor_bom,0.0,0.0,0.0,50.8
130698,Kadu,BOT,Lateral,6,1.0,0.0,0.0,0,0.0,False,True,CFC,1.094,valor_bom,0.0,0.0,0.0,41.4
146632,Alisson,INT,Lateral,6,1.0,0.0,0.0,0,0.0,False,True,GRE,1.094,valor_bom,0.0,0.0,0.0,67.0
129666,JP,VAS,Meia,6,1.25,0.0,0.9,1,0.0,False,False,REM,1.376,valor_bom,0.816,0.9,0.125,66.3
94930,Lucas Paquetá,FLA,Meia,7,15.31,1.22,6.37,7,8.2,True,False,FLU,-0.012,neutro,5.25,4.94,0.875,40.2
141615,Pedro Ferreira,SAO,Meia,6,1.04,0.0,0.5,1,0.0,False,False,VIT,1.632,valor_oculto,0.771,0.5,0.125,32.8
145036,Fernando Pradella,SAN,Atacante,6,0.82,0.0,0.0,1,0.0,False,True,CAM,1.624,valor_oculto,0.845,0.0,0.125,43.7
147782,Arthur Novaes,BOT,Meia,6,1.0,0.0,0.0,0,0.0,False,True,CFC,0.863,valor_bom,0.0,0.0,0.0,50.0
142086,Kauan Toledo,BOT,Atacante,6,1.0,0.0,0.0,0,0.0,False,True,CFC,0.546,valor_bom,0.0,0.0,0.0,50.8
95550,Pedro Henrique,VIT,Atacante,6,3.0,0.0,0.0,0,0.0,False,True,SAO,-1.361,armadilha_leve,0.0,0.0,0.0,36.1
101715,Alerrandro,INT,Atacante,6,6.02,-1.28,2.69,9,0.2,True,True,GRE,-0.538,armadilha_leve,2.447,1.8,1.0,73.4
90608,Chico da Costa,CRU,Atacante,6,4.47,-0.25,1.76,5,0.8,True,True,RBB,-0.27,neutro,2.015,0.76,0.625,45.0
108131,Garcez,CHA,Atacante,5,4.29,0.0,2.4,2,0.0,False,False,CAP,0.02,neutro,2.219,2.4,0.25,23.4
141126,Pedro Cobra,CAM,Goleiro,6,1.0,0.0,0.0,0,0.0,False,False,SAN,0.705,valor_bom,0.0,0.0,0.0,52.7
148103,Rafael Soares,REM,Meia,6,1.0,0.0,0.0,0,0.0,False,True,VAS,0.863,valor_bom,0.0,0.0,0.0,57.2
123738,Herrera,RBB,Atacante,3,4.89,-0.36,2.8,8,0.7,True,False,CRU,-0.016,neutro,2.487,1.8,1.0,59.7
82407,Chico Kim,MIR,Meia,6,4.0,0.0,0.0,0,0.0,False,True,BAH,-1.988,armadilha_forte,0.0,0.0,0.0,23.3
141991,Tico,REM,Atacante,6,1.0,0.0,0.0,0,0.0,False,True,VAS,0.546,valor_bom,0.0,0.0,0.0,57.0
112939,Catarozzi,REM,Meia,6,5.41,0.0,0.9,1,0.0,False,True,VAS,-0.894,armadilha_leve,1.733,0.9,0.125,57.2
122413,Pablo Baianinho,VIT,Meia,6,1.0,0.0,0.0,0,0.0,False,True,SAO,0.863,valor_bom,0.0,0.0,0.0,35.6
148109,Filipe Lima,REM,Atacante,6,1.0,0.0,0.0,0,0.0,False,True,VAS,0.546,valor_bom,0.0,0.0,0.0,57.0
97911,Lucas Silva,VIT,Atacante,6,3.63,0.0,0.0,1,0.0,False,True,SAO,0.109,neutro,1.933,0.0,0.125,36.1
148152,Ararat,CFC,Meia,6,4.0,0.0,0.0,0,0.0,False,False,BOT,-1.988,armadilha_forte,0.0,0.0,0.0,60.8
143463,Wesley Natã,FLU,Atacante,6,1.0,0.0,0.0,0,0.0,False,True,FLA,0.546,valor_bom,0.0,0.0,0.0,61.5
116065,Cuiabano,VAS,Lateral,7,12.92,-1.4,9.15,6,3.2,True,False,REM,0.974,valor_bom,7.187,4.82,0.75,45.1
148124,Vinicius,CHA,Zagueiro,6,2.0,0.0,0.0,0,0.0,False,False,CAP,-0.403,neutro,0.0,0.0,0.0,26.7
148215,Djhordney,SAO,Meia,6,0.64,0.0,-1.6,1,0.0,False,False,VIT,2.06,valor_oculto,0.538,0.0,0.125,32.8
147546,Roger,GRE,Meia,6,1.5,0.0,1.2,2,0.0,False,False,INT,1.121,valor_bom,0.884,1.2,0.25,45.3
99815,Arias,PAL,Meia,3,15.99,0.4,8.29,7,7.2,True,False,COR,0.826,valor_bom,6.146,6.15,0.875,65.4
110144,Spinelli,VAS,Atacante,6,5.93,-1.43,2.82,5,1.0,True,False,REM,-0.526,armadilha_leve,2.423,1.22,0.625,65.8
143173,Leonel Pérez,GRE,Meia,6,4.78,0.0,1.93,3,0.0,False,False,INT,-0.432,neutro,1.863,1.93,0.375,45.3
146410,Marquinhos,BOT,Meia,6,0.85,0.0,0.0,1,0.0,False,True,CFC,1.877,valor_oculto,0.716,0.0,0.125,50.0
146430,Justino,BOT,Zagueiro,6,2.74,-0.09,1.34,3,-1.0,False,True,CFC,0.671,valor_bom,1.642,1.34,0.375,41.1
108162,Nardoni,GRE,Meia,6,7.4,-0.2,2.63,7,2.2,True,False,INT,0.173,neutro,3.505,1.92,0.875,45.3
141165,Enzo Vagner,CFC,Atacante,6,1.04,0.0,0.5,1,0.0,False,False,BOT,1.365,valor_bom,0.901,0.5,0.125,60.5
131964,Jhoan Hernández,BOT,Lateral,6,4.0,0.0,0.0,0,0.0,False,True,CFC,-2.442,armadilha_forte,0.0,0.0,0.0,41.4
131763,Yuri Leles,RBB,Meia,6,2.0,0.0,0.0,0,0.0,False,False,CRU,-0.398,neutro,0.0,0.0,0.0,60.0
148206,Nadson,SAN,Atacante,6,1.0,0.0,0.0,0,0.0,False,True,CAM,0.546,valor_bom,0.0,0.0,0.0,43.7
93371,Rodrigo Rodrigues,CFC,Atacante,5,4.0,0.0,0.0,0,0.0,False,False,BOT,-1.975,armadilha_forte,0.0,0.0,0.0,60.5
109987,Medina,BOT,Meia,2,6.17,0.0,0.27,3,0.0,False,True,CFC,0.315,neutro,3.179,0.27,0.375,50.0
124386,Kainã,CHA,Goleiro,6,1.0,0.0,0.0,0,0.0,False,False,CAP,0.705,valor_bom,0.0,0.0,0.0,28.2
130438,Diego,INT,Goleiro,6,1.0,0.0,0.0,0,0.0,False,True,GRE,0.705,valor_bom,0.0,0.0,0.0,66.7
145563,João Ananias,SAN,Zagueiro,6,1.0,0.0,0.0,0,0.0,False,True,CAM,0.891,valor_bom,0.0,0.0,0.0,56.5
130393,Luiz Gustavo,BAH,Zagueiro,6,1.0,0.0,0.0,0,0.0,False,False,MIR,0.891,valor_bom,0.0,0.0,0.0,71.7
97899,Matheus Bahia,INT,Lateral,7,6.59,-0.18,2.6,4,4.1,True,True,GRE,-1.002,armadilha_leve,2.976,1.1,0.5,67.0
133671,Gustavo Reis,RBB,Goleiro,6,1.0,0.0,0.0,0,0.0,False,False,CRU,0.705,valor_bom,0.0,0.0,0.0,51.6
104666,Moisés,SAN,Atacante,7,5.27,-1.05,3.15,6,0.9,True,True,CAM,-0.087,neutro,2.592,0.98,0.75,43.7
105048,Jajá,REM,Atacante,7,4.74,-0.62,4.08,7,0.5,True,True,VAS,0.614,valor_bom,3.064,2.94,0.875,57.0
141595,Gabriel Mec,GRE,Atacante,6,1.48,0.19,0.87,7,1.0,True,False,INT,0.839,valor_bom,0.913,0.87,0.875,45.4
104036,Labyad,COR,Meia,6,5.24,-0.57,1.43,3,0.8,True,True,PAL,-0.818,armadilha_leve,1.726,1.43,0.375,30.5
142261,Jeferson,GRE,Atacante,6,1.0,0.0,0.0,0,0.0,False,False,INT,0.546,valor_bom,0.0,0.0,0.0,45.4
147875,Daniel Silva,FLA,Zagueiro,6,1.0,0.0,0.0,0,0.0,False,False,FLU,0.891,valor_bom,0.0,0.0,0.0,32.6
92747,Eduardo Domínguez,CAM,Técnico,7,11.61,-0.68,6.7,6,5.77,True,False,SAN,0.528,valor_bom,6.518,6.7,0.75,48.9
101807,Oliva,SAN,Meia,7,8.2,1.04,5.04,5,6.7,True,True,CAM,1.033,valor_bom,4.566,4.04,0.625,43.4
143465,Keven Samuel,FLU,Atacante,6,1.0,0.0,0.0,0,0.0,False,True,FLA,0.546,valor_bom,0.0,0.0,0.0,61.5
126189,Tomás Pérez,CAM,Meia,7,4.5,-0.24,2.2,5,1.5,True,False,SAN,-0.155,neutro,1.977,2.2,0.625,48.9
132553,Jemmes,FLU,Zagueiro,7,6.82,0.0,3.78,8,0.0,False,True,FLA,0.754,valor_bom,3.894,2.65,1.0,55.3
139200,Pedro Kauã,INT,Zagueiro,6,1.0,0.0,0.0,0,0.0,False,True,GRE,0.891,valor_bom,0.0,0.0,0.0,67.0
100804,Tchamba,REM,Zagueiro,7,5.72,1.34,3.0,6,7.0,True,True,VAS,-0.039,neutro,2.714,2.5,0.75,41.9
124219,Millán,FLU,Zagueiro,6,6.0,0.0,0.0,0,0.0,False,True,FLA,-3.106,armadilha_forte,0.0,0.0,0.0,55.3
142275,Luiz Felipe,FLA,Meia,6,1.0,0.0,0.0,0,0.0,False,False,FLU,0.863,valor_bom,0.0,0.0,0.0,40.2
93834,Keiller,CFC,Goleiro,6,4.0,0.0,0.0,0,0.0,False,False,BOT,-1.764,armadilha_forte,0.0,0.0,0.0,37.6
116137,João Moreira,SAO,Lateral,6,4.0,0.0,0.0,0,0.0,False,False,VIT,-2.442,armadilha_forte,0.0,0.0,0.0,49.8
93368,Lucas Veríssimo,SAN,Zagueiro,7,10.31,-1.19,6.2,3,2.0,True,True,CAM,0.347,neutro,4.606,4.2,0.375,56.5
88963,Leonardo Jardim,FLA,Técnico,7,13.48,0.78,7.11,6,6.89,True,False,FLU,0.301,neutro,6.694,7.11,0.75,40.7
124424,Rodrigo Castillo,FLU,Atacante,6,6.99,-1.55,3.62,6,-1.1,True,True,FLA,0.874,valor_bom,4.272,0.95,0.75,61.5
141400,Huguinho,BOT,Meia,6,3.0,0.0,0.0,0,0.0,False,True,CFC,-1.293,armadilha_leve,0.0,0.0,0.0,50.0
41929,Renato Gaúcho,VAS,Técnico,7,10.25,0.05,5.49,6,4.3,True,False,REM,0.2,neutro,5.522,5.49,0.75,65.4
115537,Marcos Victor,BAH,Zagueiro,6,3.0,0.0,0.0,0,0.0,False,False,MIR,-1.321,armadilha_leve,0.0,0.0,0.0,71.7
81720,Lingard,COR,Atacante,6,4.9,-1.32,-0.1,2,-2.2,True,True,PAL,-0.765,armadilha_leve,1.719,0.0,0.25,30.9
142260,Bernardo Zortea,GRE,Meia,6,1.11,0.2,0.5,2,1.0,True,False,INT,1.498,valor_bom,0.744,0.5,0.25,45.3
71898,Gabriel Pires,MIR,Meia,6,6.63,0.57,4.12,5,6.8,True,True,BAH,1.235,valor_bom,4.213,3.12,0.625,23.3
133690,Bruno Lopes,VAS,Atacante,6,1.0,0.0,0.0,0,0.0,False,False,REM,0.546,valor_bom,0.0,0.0,0.0,65.8
37457,Léo Condé,REM,Técnico,7,8.03,0.57,4.46,6,6.27,True,True,VAS,0.147,neutro,4.56,4.46,0.75,56.8
141752,Caio Valle,BOT,Meia,6,1.0,0.0,0.0,0,0.0,False,True,CFC,0.863,valor_bom,0.0,0.0,0.0,50.0
79437,Roger Machado,SAO,Técnico,7,11.26,0.53,5.43,6,6.73,True,False,VIT,0.266,neutro,5.974,5.43,0.75,33.7
129661,Wendel,BAH,Meia,6,1.0,0.0,0.0,0,0.0,False,False,MIR,0.863,valor_bom,0.0,0.0,0.0,71.2
84268,Georgemy,MIR,Goleiro,6,3.0,0.0,0.0,0,0.0,False,True,BAH,-1.163,armadilha_leve,0.0,0.0,0.0,30.5
147268,Anderson Pato,VIT,Atacante,6,3.12,-0.21,1.38,4,1.0,True,True,SAO,-0.382,neutro,1.094,1.38,0.5,36.1
121823,Kauê,COR,Goleiro,6,2.77,0.0,4.8,1,0.0,False,True,PAL,1.9,valor_oculto,3.089,4.8,0.125,26.9
130232,Caio Roque,BOT,Lateral,7,5.98,1.77,4.5,2,7.5,True,True,CFC,-0.212,neutro,3.431,2.0,0.25,41.4
140726,David Martins,BAH,Meia,6,0.72,0.0,-0.15,2,0.0,False,False,MIR,1.994,valor_oculto,0.614,0.0,0.25,71.2
148125,Ryan Augusto,RBB,Lateral,6,4.74,2.7,5.03,3,11.2,True,False,CRU,0.791,valor_bom,3.673,4.03,0.375,51.4
145659,Nicolas,SAO,Lateral,6,2.79,0.0,5.0,1,0.0,False,False,VIT,0.887,valor_bom,2.204,2.0,0.125,49.8
95131,Gabriel Taliari,REM,Atacante,7,10.32,0.71,7.77,4,6.7,True,True,VAS,1.361,valor_bom,5.764,3.77,0.5,57.0
142257,Luis Eduardo,GRE,Zagueiro,6,2.0,0.0,0.0,0,0.0,False,False,INT,-0.403,neutro,0.0,0.0,0.0,53.5
102877,Gabriel Poveda,REM,Atacante,6,4.63,0.0,1.0,2,0.0,False,True,VAS,-0.423,neutro,1.939,1.0,0.25,57.0
141184,Walace Falcão,VAS,Zagueiro,6,1.0,0.0,0.0,0,0.0,False,False,REM,0.891,valor_bom,0.0,0.0,0.0,44.8
143153,Tarzia,VIT,Atacante,7,2.89,0.58,1.08,4,3.4,True,True,SAO,-0.321,neutro,0.994,1.08,0.5,36.1
122922,Wanderson Aranha,PAL,Goleiro,6,1.0,0.0,0.0,0,0.0,False,False,COR,0.705,valor_bom,0.0,0.0,0.0,73.4
107871,Wermeson,CHA,Meia,6,2.0,0.0,0.0,0,0.0,False,False,CAP,-0.398,neutro,0.0,0.0,0.0,22.6
42411,Cuca,SAN,Técnico,7,10.09,-0.55,5.58,3,3.56,True,True,CAM,0.254,neutro,5.555,5.58,0.375,43.7
147192,Claudinho,CAP,Lateral,6,1.0,0.0,0.0,0,0.0,False,True,CHA,1.094,valor_bom,0.0,0.0,0.0,80.5
141594,Pedro Gabriel,GRE,Lateral,7,3.75,1.08,3.45,2,4.7,True,False,INT,-0.016,neutro,2.173,1.95,0.25,53.7
149715,Rafael Gonzaga,SAN,Lateral,6,2.0,0.0,0.0,0,0.0,False,True,CAM,-0.47,neutro,0.0,0.0,0.0,56.6
127273,Artur Jorge,CRU,Técnico,7,12.29,-0.37,6.73,2,3.68,True,True,RBB,0.361,neutro,6.452,6.73,0.25,44.5
123005,Sidney,BAH,Meia,6,1.0,0.0,0.0,0,0.0,False,False,MIR,0.863,valor_bom,0.0,0.0,0.0,71.2
147560,Caio Suassuna,BAH,Atacante,6,2.0,0.0,0.0,0,0.0,False,False,MIR,-0.569,armadilha_leve,0.0,0.0,0.0,70.6
110605,Vinícius Balieiro,CHA,Meia,6,3.61,0.0,0.0,1,0.0,False,False,CAP,0.024,neutro,1.633,0.0,0.125,22.6
143252,Gean,VIT,Lateral,2,1.0,0.0,0.0,0,0.0,False,True,SAO,1.094,valor_bom,0.0,0.0,0.0,54.8
130209,Renê,VIT,Atacante,2,5.9,0.51,2.95,2,3.7,True,True,SAO,-0.605,armadilha_leve,2.329,2.95,0.25,36.1
103347,Matheus Alexandre,REM,Lateral,6,6.25,2.25,6.5,1,6.5,True,True,VAS,-0.252,neutro,3.535,3.5,0.125,42.2
97905,Matheus Aurélio,CHA,Goleiro,6,2.0,0.0,0.0,0,0.0,False,False,CAP,-0.388,neutro,0.0,0.0,0.0,28.2
121811,Da Silva,CHA,Meia,6,3.0,0.0,0.0,0,0.0,False,False,CAP,-1.293,armadilha_leve,0.0,0.0,0.0,22.6
107256,Zé Vitor,VIT,Meia,6,4.28,-0.39,2.8,2,0.6,True,True,SAO,0.029,neutro,2.03,2.8,0.25,35.6
148717,Tetê,SAO,Atacante,6,0.91,0.0,0.0,1,0.0,False,False,VIT,1.491,valor_bom,0.845,0.0,0.125,33.2
130282,Anthony,BOT,Zagueiro,6,3.0,0.0,0.0,0,0.0,False,True,CFC,-1.321,armadilha_leve,0.0,0.0,0.0,41.1
130309,Rodrigo Falcão,SAN,Goleiro,6,1.0,0.0,0.0,0,0.0,False,True,CAM,0.705,valor_bom,0.0,0.0,0.0,56.6
123016,David Braga,REM,Meia,7,3.83,0.25,2.2,2,2.2,True,True,VAS,0.177,neutro,1.91,2.2,0.25,57.2
109573,Martinelli,FLU,Meia,7,5.84,-0.92,2.36,10,0.6,True,True,FLA,0.494,neutro,3.209,1.86,1.0,61.8
149990,Franclim Carvalho,BOT,Técnico,7,11.74,0.0,0.0,0,0.0,False,True,CFC,-3.44,armadilha_forte,0.0,0.0,0.0,49.9
147089,Cauã Soares,CAM,Atacante,6,1.0,0.0,0.0,0,0.0,False,False,SAN,0.546,valor_bom,0.0,0.0,0.0,48.9
124264,Kauan Jesus,INT,Goleiro,6,1.0,0.0,0.0,0,0.0,False,True,GRE,0.705,valor_bom,0.0,0.0,0.0,66.7
101820,Mayk,REM,Lateral,7,7.71,1.69,5.9,2,8.0,True,True,VAS,1.311,valor_bom,5.751,4.4,0.25,42.2
94034,Kevin Ramírez,CHA,Atacante,6,3.19,0.0,1.2,1,0.0,False,False,CAP,-0.54,armadilha_leve,0.979,1.2,0.125,23.4
101254,Alef Manga,REM,Atacante,7,8.27,-0.18,5.28,10,1.5,True,True,VAS,1.219,valor_bom,5.05,2.18,1.0,57.0
141405,Avellar,VAS,Lateral,6,1.49,0.0,1.5,1,0.0,False,False,REM,2.109,valor_oculto,1.815,1.5,0.125,45.1
130847,Zé Breno,VIT,Meia,6,2.0,0.0,0.0,0,0.0,False,True,SAO,-0.398,neutro,0.0,0.0,0.0,35.6
147545,Jefinho,GRE,Meia,6,1.46,0.0,1.5,1,0.0,False,False,INT,1.17,valor_bom,0.883,1.5,0.125,45.3
149991,David,CFC,Atacante,6,1.0,0.0,0.0,0,0.0,False,False,BOT,0.546,valor_bom,0.0,0.0,0.0,60.5
106593,Villalba,CRU,Zagueiro,6,7.21,-0.75,2.78,7,2.2,True,True,RBB,0.102,neutro,3.435,1.92,0.875,59.8
94154,Maycon,CAM,Meia,6,5.9,0.0,2.4,4,0.0,False,False,SAN,0.938,valor_bom,3.647,2.4,0.5,48.9
68685,Alan Patrick,INT,Meia,7,7.82,0.0,4.78,8,0.0,False,True,GRE,1.12,valor_bom,4.525,3.53,1.0,72.9
149993,Iago Machado,COR,Zagueiro,6,1.0,0.0,0.0,0,0.0,False,True,PAL,0.891,valor_bom,0.0,0.0,0.0,25.4
149994,Jhuan Nunes,RBB,Atacante,6,1.0,0.0,0.0,0,0.0,False,False,CRU,0.546,valor_bom,0.0,0.0,0.0,59.7
104502,Christian,CRU,Meia,7,10.05,0.32,5.95,10,12.4,True,True,RBB,1.15,valor_bom,5.204,3.95,1.0,44.2
97810,Erick,VIT,Atacante,7,8.5,0.17,4.3,8,3.7,True,True,SAO,0.649,valor_bom,4.531,2.05,1.0,36.1
92171,Arthur Cabral,BOT,Atacante,2,9.49,-0.46,5.43,6,4.6,True,True,CFC,0.877,valor_bom,5.048,1.93,0.75,50.8
104758,Enzo Díaz,SAO,Lateral,2,9.85,0.64,5.19,7,5.9,True,False,VIT,0.176,neutro,5.47,4.05,0.875,49.8
107771,Fábio Matias,CHA,Técnico,7,7.4,0.0,0.0,0,0.0,False,False,CAP,-2.437,armadilha_forte,0.0,0.0,0.0,24.0
103056,Gabriel Brazão,SAN,Goleiro,7,5.28,-1.69,2.74,9,-1.7,True,True,CAM,0.812,valor_bom,3.394,1.63,1.0,56.6
68928,Rafael,SAO,Goleiro,7,8.85,0.68,4.24,10,6.8,True,False,VIT,0.349,neutro,4.191,2.74,1.0,50.1
105949,Rochet,INT,Goleiro,7,7.3,0.71,3.39,9,8.1,True,True,GRE,0.384,neutro,3.738,2.28,1.0,66.7
42234,Cássio,CRU,Goleiro,5,6.89,0.0,1.32,5,0.0,False,True,RBB,-0.127,neutro,3.049,1.32,0.625,59.8
63007,Neymar,SAN,Meia,7,21.28,0.0,10.03,4,0.0,False,True,CAM,0.03,neutro,6.19,5.03,0.5,43.4
72294,Everson,CAM,Goleiro,7,10.29,-1.05,5.89,10,2.1,True,False,SAN,0.843,valor_bom,5.108,3.89,1.0,52.7
69012,Santos,CAP,Goleiro,7,8.58,0.18,3.94,8,1.9,True,True,CHA,0.277,neutro,4.035,2.69,1.0,79.8
100898,Vitinho,BOT,Lateral,7,10.1,-0.28,5.5,8,4.9,True,True,CFC,0.228,neutro,5.607,5.12,1.0,41.4
61987,Alex Sandro,FLA,Lateral,2,9.42,0.0,4.72,6,0.0,False,False,FLU,0.145,neutro,5.288,3.22,0.75,33.1
96591,Renan Lodi,CAM,Lateral,7,10.59,-0.73,5.35,10,3.4,True,False,SAN,-0.036,neutro,5.512,3.95,1.0,52.6
87008,Léo Jardim,VAS,Goleiro,7,6.87,0.43,2.29,10,5.8,True,False,REM,-0.065,neutro,3.108,2.29,1.0,45.5
99274,Alexander Barboza,BOT,Zagueiro,7,11.6,-0.19,6.02,6,7.3,True,True,CFC,0.289,neutro,4.871,2.85,0.75,41.1
105436,Carrascal,FLA,Meia,6,11.38,1.42,4.83,8,10.6,True,False,FLU,0.092,neutro,4.55,3.58,1.0,40.2
37656,Fábio,FLU,Goleiro,7,9.83,-0.23,4.69,10,2.9,True,True,FLA,0.328,neutro,4.441,3.19,1.0,55.5
85425,João Paulo,BAH,Goleiro,6,6.19,0.0,1.7,1,0.0,False,False,MIR,0.886,valor_bom,3.86,1.7,0.125,71.2
90768,Fabrício Bruno,CRU,Zagueiro,7,6.78,-1.26,2.38,10,0.0,True,True,RBB,-0.085,neutro,3.104,1.78,1.0,59.8
101727,Matheuzinho,COR,Lateral,7,9.83,-0.28,4.2,8,3.0,True,True,PAL,-0.343,neutro,4.957,3.45,1.0,26.0
109401,Erick Pulga,BAH,Atacante,7,7.96,0.89,3.24,9,7.2,True,False,MIR,0.253,neutro,3.956,3.24,1.0,70.6
91772,David Duarte,BAH,Zagueiro,7,7.32,1.64,5.08,4,10.2,True,False,MIR,1.067,valor_bom,4.366,2.83,0.5,71.7
113397,Cristian Olivera,BAH,Atacante,7,8.26,-0.92,5.54,9,3.1,True,False,MIR,1.342,valor_bom,5.174,4.1,1.0,70.6
91101,Ronaldo,BAH,Goleiro,5,7.57,0.0,5.03,7,0.0,False,False,MIR,1.061,valor_bom,4.55,2.89,0.875,71.2
104783,Acevedo,BAH,Meia,7,6.48,-0.41,4.09,8,3.1,True,False,MIR,1.261,valor_bom,4.18,4.09,1.0,71.2
98484,Kanu,BAH,Zagueiro,6,4.67,0.0,3.4,1,0.0,False,False,MIR,0.378,neutro,2.599,0.4,0.125,71.7
98517,Jean Lucas,BAH,Meia,7,9.58,-0.46,5.61,9,2.7,True,False,MIR,1.044,valor_bom,4.98,3.39,1.0,71.2
80196,Yago Pikachu,REM,Meia,3,4.93,-0.29,1.86,10,0.1,True,True,VAS,-0.526,armadilha_leve,1.85,1.36,1.0,57.2
123717,Zé Guilherme,BAH,Lateral,6,3.0,0.0,0.0,0,0.0,False,False,MIR,-1.581,armadilha_forte,0.0,0.0,0.0,71.6
105373,Gabriel Xavier,BAH,Zagueiro,6,7.1,-0.16,4.5,5,-1.0,False,False,MIR,0.971,valor_bom,4.198,2.7,0.625,71.7
68996,Willian José,BAH,Atacante,6,8.73,-0.27,3.12,8,0.0,True,False,MIR,0.011,neutro,3.941,0.5,1.0,70.6
106323,Caio Alexandre,BAH,Meia,7,4.37,-0.43,1.44,7,-0.1,True,False,MIR,-0.431,neutro,1.652,1.44,0.875,71.2
80313,Gilberto,BAH,Lateral,6,7.31,0.0,4.1,2,0.0,False,False,MIR,-0.967,armadilha_leve,3.351,1.6,0.25,71.6
105990,Santiago Mingo,BAH,Zagueiro,7,4.44,-1.3,2.48,9,-1.8,True,False,MIR,0.392,neutro,2.489,1.15,1.0,71.7
101314,Ademir,BAH,Atacante,6,6.23,0.16,2.23,9,2.2,True,False,MIR,-0.854,armadilha_leve,2.204,2.23,1.0,70.6
97868,Iago,BAH,Lateral,6,5.57,0.0,5.0,1,0.0,False,False,MIR,-0.043,neutro,3.368,2.0,0.125,71.6
123360,Cauly,SAO,Meia,7,6.55,-0.46,3.06,7,1.3,True,False,VIT,0.722,valor_bom,3.706,2.35,0.875,32.8
98022,Erick,BAH,Meia,6,5.71,-0.33,3.27,9,1.2,True,False,MIR,1.126,valor_bom,3.741,2.71,1.0,71.2
122994,Victor Nascimento,BAH,Goleiro,6,1.0,0.0,0.0,0,0.0,False,False,MIR,0.705,valor_bom,0.0,0.0,0.0,71.2
68806,Neto,BOT,Goleiro,6,8.62,0.0,4.43,3,0.0,False,True,CFC,0.431,neutro,4.211,2.76,0.375,41.9
77485,Carrillo,COR,Meia,6,5.07,0.0,1.6,6,0.0,False,True,PAL,-0.721,armadilha_leve,1.736,1.6,0.75,30.5
97341,Rogério Ceni,BAH,Técnico,7,10.92,-0.72,6.03,9,3.82,True,False,MIR,0.468,neutro,6.196,6.03,1.0,70.0
107173,Michel Araújo,BAH,Meia,6,2.57,0.07,0.14,7,0.8,True,False,MIR,-0.406,neutro,0.495,0.14,0.875,71.2
72493,Alex Telles,BOT,Lateral,6,9.95,-0.93,4.89,8,1.5,True,True,CFC,-0.032,neutro,5.302,3.01,1.0,41.4
145379,Kauê Furquim,BAH,Atacante,6,2.0,0.0,0.0,0,0.0,False,False,MIR,-0.569,armadilha_leve,0.0,0.0,0.0,70.6
97468,Marçal,BOT,Lateral,5,5.11,0.0,7.0,1,0.0,False,True,CFC,0.465,neutro,3.59,4.0,0.125,41.4
124481,Mateo Ponte,BOT,Lateral,6,5.42,0.0,2.35,4,0.0,False,True,CFC,-0.441,neutro,2.893,1.6,0.5,41.4
141419,Fredi Lippert,BAH,Zagueiro,6,2.0,0.0,0.0,0,0.0,False,False,MIR,-0.403,neutro,0.0,0.0,0.0,71.7
111829,Kayky,INT,Atacante,5,4.78,0.0,2.13,3,0.0,False,True,GRE,-0.279,neutro,2.162,2.13,0.375,73.4
106822,Rodrigo Nestor,BAH,Meia,6,4.49,0.0,0.98,5,0.0,False,False,MIR,-0.654,armadilha_leve,1.508,0.98,0.625,71.2
98280,Bastos,BOT,Zagueiro,2,4.63,0.0,0.53,3,0.0,False,True,CFC,-0.288,neutro,1.962,0.53,0.375,41.1
129930,Cristhian Loor,BOT,Goleiro,6,2.0,0.0,0.0,0,0.0,False,True,CFC,-0.388,neutro,0.0,0.0,0.0,41.9
136955,Sanabria,BAH,Atacante,6,6.01,0.0,2.3,4,0.0,False,False,MIR,-0.758,armadilha_leve,2.216,1.05,0.5,70.6
126013,Ythallo,BOT,Zagueiro,6,3.5,0.0,0.2,1,0.0,False,True,CFC,0.015,neutro,1.582,0.2,0.125,41.1
111831,Matheus Martins,BOT,Atacante,2,7.26,1.4,3.75,8,9.1,True,True,CFC,0.767,valor_bom,4.256,1.75,1.0,50.8
107231,Danilo,BOT,Meia,7,14.3,-1.55,8.67,7,0.6,True,True,CFC,1.344,valor_bom,6.324,4.38,0.875,50.0
107183,Léo Linck,BOT,Goleiro,6,6.0,0.0,0.0,0,0.0,False,True,CFC,-2.67,armadilha_forte,0.0,0.0,0.0,41.9
104191,Raul,BOT,Goleiro,7,4.96,0.8,3.4,5,5.0,True,True,CFC,0.655,valor_bom,3.077,3.4,0.625,41.9
104693,Newton,BOT,Meia,6,4.7,-0.44,2.42,5,0.0,True,True,CFC,-0.175,neutro,2.062,2.42,0.625,50.0
108274,David Ricardo,BOT,Zagueiro,6,7.0,0.0,0.0,0,0.0,False,True,CFC,-3.533,armadilha_forte,0.0,0.0,0.0,41.1
96353,Joaquín Correa,BOT,Atacante,5,7.44,0.0,1.55,2,0.0,False,True,CFC,0.575,valor_bom,4.119,1.55,0.25,50.8
69140,Allan,BOT,Meia,7,5.28,0.99,2.23,7,5.7,True,True,CFC,-0.52,armadilha_leve,2.021,2.23,0.875,50.0
98672,Savarino,FLU,Meia,7,8.82,-0.44,4.46,8,1.5,True,True,FLA,0.613,valor_bom,4.365,3.21,1.0,61.8
95799,Artur,SAO,Atacante,7,8.95,1.08,4.48,6,7.7,True,False,VIT,0.628,valor_bom,4.641,2.31,0.75,33.2
142890,Montoro,BOT,Meia,2,9.0,0.9,4.29,7,6.5,True,True,CFC,0.465,neutro,4.28,2.15,0.875,50.0
91158,Kaio,BOT,Zagueiro,5,7.0,0.0,0.0,0,0.0,False,True,CFC,-3.533,armadilha_forte,0.0,0.0,0.0,41.1
39850,Vagner Mancini,RBB,Técnico,7,8.97,0.2,5.65,10,9.22,True,False,CRU,0.54,valor_bom,5.604,5.65,1.0,59.4
142877,Villalba,BOT,Atacante,6,6.75,1.73,3.48,4,11.0,True,True,CFC,1.018,valor_bom,4.334,1.48,0.5,50.8
105214,Santi Rodríguez,BOT,Meia,2,6.56,0.0,2.52,5,0.0,False,True,CFC,0.6,valor_bom,3.597,2.52,0.625,50.0
146375,Kadir,BOT,Atacante,6,5.17,0.27,1.95,2,2.2,True,True,CFC,-0.491,neutro,2.129,1.95,0.25,50.8
103179,Chris Ramos,BOT,Atacante,6,7.0,0.0,0.0,0,0.0,False,True,CFC,-3.268,armadilha_forte,0.0,0.0,0.0,50.8
124757,Nathan Fernandes,BOT,Atacante,6,5.61,0.0,3.17,3,0.0,False,True,CFC,-0.373,neutro,2.446,1.5,0.375,50.8
143072,Gabriel Abdias,BOT,Lateral,5,3.0,0.0,0.0,0,0.0,False,True,CFC,-1.581,armadilha_forte,0.0,0.0,0.0,41.4
70360,Eduardo Sasha,RBB,Atacante,5,5.39,0.0,1.95,7,0.0,False,False,CRU,-0.644,armadilha_leve,2.07,1.95,0.875,59.7
78605,Gabriel,RBB,Meia,7,5.12,-0.85,2.68,8,3.0,True,False,CRU,-0.184,neutro,2.259,2.06,1.0,60.0
107170,Jeffinho,BOT,Atacante,6,5.0,0.0,0.0,0,0.0,False,True,CFC,-2.477,armadilha_forte,0.0,0.0,0.0,50.8
93882,Cleiton,RBB,Goleiro,6,6.19,0.0,2.56,7,0.0,False,False,CRU,0.451,neutro,3.397,1.13,0.875,51.6
94067,Matheus Fernandes,RBB,Meia,7,4.93,0.17,2.68,8,4.2,True,False,CRU,-0.085,neutro,2.259,2.68,1.0,60.0
94968,Juninho Capixaba,RBB,Lateral,7,14.44,-0.58,8.89,9,7.5,True,False,CRU,0.788,valor_bom,7.396,5.11,1.0,51.4
87225,Pedro Henrique,RBB,Zagueiro,6,7.03,0.43,3.43,7,5.0,True,False,CRU,0.502,valor_bom,3.739,2.14,0.875,51.2
142484,Barrera,BOT,Meia,6,5.1,0.0,2.07,6,0.0,False,True,CFC,-0.52,armadilha_leve,1.937,2.07,0.75,50.0
100848,Luan Cândido,VIT,Lateral,7,4.24,-0.32,0.45,2,0.0,True,True,SAO,-1.01,armadilha_leve,1.573,0.45,0.25,54.8
105213,Sant Anna,RBB,Lateral,7,9.23,-0.37,9.0,3,5.0,True,False,CRU,1.571,valor_oculto,6.61,4.33,0.375,51.4
110750,Gustavo Marques,RBB,Zagueiro,7,8.16,0.29,5.6,8,6.7,True,False,CRU,1.234,valor_bom,4.804,4.1,1.0,51.2
100695,Fernando,RBB,Atacante,5,2.35,0.0,0.1,2,0.0,False,False,CRU,-0.116,neutro,0.781,0.1,0.25,59.7
111246,Alix Vinicius,RBB,Zagueiro,7,5.87,0.17,2.84,8,6.2,True,False,CRU,-0.157,neutro,2.67,1.34,1.0,51.2
106434,Eduardo Santos,RBB,Zagueiro,6,4.6,0.0,1.4,3,0.0,False,False,CRU,-0.015,neutro,2.199,1.4,0.375,51.2
112886,Lucas Barbosa,RBB,Atacante,7,10.81,0.96,6.87,9,13.1,True,False,CRU,1.355,valor_bom,5.878,4.54,1.0,59.7
113157,Nathan Mendes,VIT,Lateral,2,5.36,-0.23,3.69,7,0.5,True,True,SAO,0.124,neutro,3.409,2.83,0.875,54.8
103295,Eric Ramires,RBB,Meia,6,2.97,-0.13,0.44,5,1.5,True,False,CRU,-0.554,armadilha_leve,0.665,0.44,0.625,60.0
122394,Gustavinho,RBB,Meia,6,6.3,0.0,3.84,8,0.0,False,False,CRU,1.202,valor_bom,4.055,3.21,1.0,60.0
104588,Fabrício,RBB,Goleiro,5,2.0,0.0,0.0,0,0.0,False,False,CRU,-0.388,neutro,0.0,0.0,0.0,51.6
107236,Vanderlan,RBB,Lateral,5,5.0,0.0,0.0,0,0.0,False,False,CRU,-3.145,armadilha_forte,0.0,0.0,0.0,51.4
110715,Andrés Hurtado,RBB,Lateral,6,5.63,0.0,3.21,8,0.0,False,False,CRU,-0.264,neutro,3.187,2.08,1.0,51.4
108133,Isidro Pitta,RBB,Atacante,7,5.17,0.17,2.28,9,8.0,True,False,CRU,-0.393,neutro,2.23,0.5,1.0,59.7
111760,Fabinho,RBB,Meia,6,2.04,-0.34,-0.08,5,-0.3,True,False,CRU,0.061,neutro,0.465,0.0,0.625,60.0
107744,Praxedes,RBB,Meia,6,4.0,0.0,0.0,0,0.0,False,False,CRU,-1.988,armadilha_forte,0.0,0.0,0.0,60.0
124239,Henry Mosquera,RBB,Atacante,6,6.27,0.07,4.16,10,6.5,True,False,CRU,0.17,neutro,3.277,3.16,1.0,59.7
78248,Gustavo Henrique,COR,Zagueiro,7,8.82,0.6,3.15,7,4.2,True,True,PAL,-0.282,neutro,3.608,2.72,0.875,25.4
39656,Alan Franco,CAM,Meia,7,5.13,-0.33,2.68,9,0.0,True,False,SAN,-0.162,neutro,2.284,2.12,1.0,48.9
88312,Junior Alonso,CAM,Zagueiro,6,6.04,0.0,3.32,6,0.0,False,False,SAN,-0.039,neutro,2.851,2.82,0.75,52.4
122897,Guzmán Rodríguez,RBB,Zagueiro,5,6.0,0.0,0.0,0,0.0,False,False,CRU,-3.106,armadilha_forte,0.0,0.0,0.0,51.2
132580,Vinicinho,RBB,Atacante,7,3.85,0.0,1.74,5,0.0,False,False,CRU,0.053,neutro,2.007,1.74,0.625,59.7
138021,Palacios,RBB,Zagueiro,6,3.0,0.0,0.0,0,0.0,False,False,CRU,-1.321,armadilha_leve,0.0,0.0,0.0,51.2
122755,Lucas Cunha,RBB,Zagueiro,6,3.0,0.0,0.0,0,0.0,False,False,CRU,-1.321,armadilha_leve,0.0,0.0,0.0,51.2
98909,Cuello,CAM,Atacante,7,9.34,-1.66,6.48,10,4.7,True,False,SAN,1.564,valor_oculto,5.716,4.38,1.0,48.9
68920,Dudu,CAM,Atacante,6,6.84,-1.1,3.03,9,0.9,True,False,SAN,0.512,valor_bom,3.845,1.25,1.0,48.9
132274,Ignacio Sosa,RBB,Meia,6,3.51,0.0,1.27,7,0.0,False,False,CRU,-0.566,armadilha_leve,1.022,1.27,0.875,60.0
91607,Rony,SAN,Atacante,7,5.53,0.0,2.13,7,0.0,False,True,CAM,-0.623,armadilha_leve,2.154,2.13,0.875,43.7
101002,Júnior Santos,BOT,Atacante,7,5.46,-0.57,3.1,5,3.6,True,True,CFC,-0.229,neutro,2.53,1.5,0.625,50.8
72605,Vitor Hugo,CAM,Zagueiro,2,7.17,-0.07,3.0,3,3.0,True,False,SAN,0.441,neutro,3.734,2.0,0.375,52.4
72460,Bernard,CAM,Meia,6,4.25,-1.02,2.01,7,1.0,True,False,SAN,-0.074,neutro,1.918,1.3,0.875,48.9
100084,Igor Gomes,CAM,Meia,6,3.72,0.0,-0.14,5,0.0,False,False,SAN,-0.648,armadilha_leve,1.077,0.0,0.625,48.9
92087,Lyanco,CAM,Zagueiro,2,11.97,0.0,7.75,2,0.0,False,False,SAN,0.073,neutro,4.757,4.75,0.25,52.4
87999,Gustavo Scarpa,CAM,Meia,6,7.52,0.85,2.98,9,8.0,True,False,SAN,0.217,neutro,3.587,1.87,1.0,48.9
100842,Ruan,CAM,Zagueiro,7,5.31,-1.02,3.36,9,1.1,True,False,SAN,0.422,neutro,2.955,2.03,1.0,52.4
105068,Reinier,CAM,Meia,7,4.13,-1.99,2.94,9,0.2,True,False,SAN,0.54,valor_bom,2.421,1.83,1.0,48.9
140906,Davi Gomes,RBB,Atacante,5,5.19,0.0,4.25,2,0.0,False,False,CRU,-0.054,neutro,2.589,4.25,0.25,59.7
107554,Natanael,CAM,Lateral,7,11.01,1.18,9.1,3,12.4,True,False,SAN,0.981,valor_bom,6.638,4.77,0.375,52.6
129663,Ruan Pablo,BAH,Atacante,5,2.0,0.0,0.0,0,0.0,False,False,MIR,-0.569,armadilha_leve,0.0,0.0,0.0,70.6
95556,Raniele,COR,Meia,7,8.15,0.44,3.84,7,5.9,True,True,PAL,0.516,valor_bom,4.07,3.84,0.875,30.5
115674,Gabriel Delfim,CAM,Goleiro,6,2.0,0.0,0.0,0,0.0,False,False,SAN,-0.388,neutro,0.0,0.0,0.0,52.7
103767,Gabriel Menino,SAN,Meia,5,9.21,0.0,5.24,7,0.0,False,True,CAM,0.878,valor_bom,4.723,4.53,0.875,43.4
78435,Vitinho,COR,Atacante,6,4.49,-0.45,1.77,6,0.8,True,True,PAL,-0.294,neutro,2.001,1.77,0.75,30.9
130889,Riquelme,GRE,Meia,6,4.0,0.0,0.0,0,0.0,False,False,INT,-1.988,armadilha_forte,0.0,0.0,0.0,45.3
85048,Memphis Depay,COR,Atacante,5,9.81,0.0,2.15,6,0.0,False,True,PAL,-0.568,armadilha_leve,3.642,0.82,0.75,30.9
118774,Alexsander,CAM,Meia,6,7.14,0.0,1.7,1,0.0,False,False,SAN,0.788,valor_bom,3.985,1.7,0.125,48.9
122990,Patrick,CAM,Meia,5,4.0,0.0,0.0,0,0.0,False,False,SAN,-1.988,armadilha_forte,0.0,0.0,0.0,48.9
92440,André Ramalho,COR,Zagueiro,3,6.08,-0.58,2.6,3,1.7,True,True,PAL,0.78,valor_bom,3.625,1.6,0.375,25.4
98720,Angileri,COR,Lateral,6,4.04,-0.16,1.94,5,1.5,True,True,PAL,-0.538,armadilha_leve,1.887,1.34,0.625,26.0
101574,Hugo Souza,COR,Goleiro,7,9.53,-0.18,4.35,8,1.6,True,True,PAL,0.215,neutro,4.24,3.1,1.0,26.9
97642,Félix Torres,INT,Zagueiro,7,4.24,0.0,2.35,7,0.0,False,True,GRE,0.446,neutro,2.429,1.92,0.875,67.0
107179,Matheus Donelli,COR,Goleiro,6,3.0,0.0,0.0,0,0.0,False,True,PAL,-1.163,armadilha_leve,0.0,0.0,0.0,26.9
107908,Hugo,COR,Lateral,5,4.0,0.0,0.0,0,0.0,False,True,PAL,-2.442,armadilha_forte,0.0,0.0,0.0,26.0
98225,Pedro Raul,COR,Atacante,6,3.06,-0.5,0.1,5,-0.3,True,True,PAL,-0.797,armadilha_leve,0.624,0.1,0.625,30.9
105531,Matheus Bidu,COR,Lateral,7,10.89,0.0,6.95,6,0.0,False,True,PAL,0.616,valor_bom,6.244,4.62,0.75,26.0
117910,Breno Bidon,COR,Meia,7,9.43,0.19,3.58,8,3.5,True,True,PAL,-0.048,neutro,3.925,2.96,1.0,30.5
102340,Cacá,VIT,Zagueiro,7,5.22,-0.01,2.52,6,0.2,True,True,SAO,-0.015,neutro,2.508,1.52,0.75,54.7
121824,Kayke,COR,Atacante,7,3.35,0.0,1.0,4,0.0,False,True,PAL,-0.655,armadilha_leve,0.967,1.0,0.5,30.9
124661,Iván Román,CAM,Zagueiro,6,8.47,0.0,6.4,4,0.0,False,False,SAN,1.13,valor_bom,4.806,3.4,0.5,52.4
117632,Garro,COR,Meia,7,10.88,0.25,4.45,9,4.4,True,True,PAL,0.021,neutro,4.365,2.78,1.0,30.5
96342,Charles,COR,Meia,6,3.53,0.0,1.03,3,0.0,False,True,PAL,-0.747,armadilha_leve,0.867,1.03,0.375,30.5
42500,Fagner,CRU,Lateral,7,5.58,0.0,2.05,6,0.0,False,True,RBB,-0.747,armadilha_leve,2.687,1.55,0.75,59.9
89275,William,CRU,Lateral,6,8.51,-0.9,3.57,8,2.4,True,True,RBB,-0.165,neutro,4.642,2.82,1.0,59.9
84558,Lucas Romero,CRU,Meia,6,7.5,0.0,3.02,5,0.0,False,True,RBB,0.442,neutro,3.789,1.02,0.625,44.2
145744,André,COR,Meia,7,7.27,-0.47,5.01,8,5.4,True,True,PAL,1.444,valor_bom,4.64,4.38,1.0,30.5
131753,Felipe Longo,COR,Goleiro,6,2.0,0.0,0.0,0,0.0,False,True,PAL,-0.388,neutro,0.0,0.0,0.0,26.9
122396,Ryan,COR,Meia,6,3.0,0.0,0.0,0,0.0,False,True,PAL,-1.293,armadilha_leve,0.0,0.0,0.0,30.5
96610,Matheus Pereira,CRU,Meia,7,14.41,-0.37,5.4,9,4.9,True,True,RBB,-0.247,neutro,4.868,3.73,1.0,44.2
127242,Bahia,COR,Meia,6,2.0,0.0,0.0,0,0.0,False,True,PAL,-0.398,neutro,0.0,0.0,0.0,30.5
100742,Matheus Henrique,CRU,Meia,6,5.26,-0.04,1.9,10,0.5,True,True,RBB,-0.671,armadilha_leve,1.872,1.9,1.0,44.2
125488,João Pedro,COR,Zagueiro,6,8.84,0.0,7.7,2,0.0,False,True,PAL,0.944,valor_bom,4.747,3.2,0.25,25.4
141995,Dieguinho,COR,Meia,6,3.18,-0.35,0.73,4,0.0,True,True,PAL,-0.59,armadilha_leve,0.78,0.73,0.5,30.5
133543,Gui Negão,COR,Atacante,5,3.97,0.0,1.35,4,0.0,False,True,PAL,-0.119,neutro,1.899,1.35,0.5,30.9
79701,Lucas Silva,CRU,Meia,7,4.02,-0.15,0.41,9,0.0,True,True,RBB,-0.835,armadilha_leve,1.082,0.41,1.0,44.2
111690,Matheus Cunha,CRU,Goleiro,7,2.94,-1.9,2.35,6,-2.7,True,True,RBB,1.369,valor_bom,2.65,0.0,0.75,59.8
113158,Marquinhos,CRU,Atacante,5,4.0,0.0,0.0,0,0.0,False,True,RBB,-1.975,armadilha_forte,0.0,0.0,0.0,45.0
93478,Wanderson,CRU,Atacante,6,4.2,-0.15,1.52,9,-0.3,True,True,RBB,-0.312,neutro,1.828,0.63,1.0,45.0
88479,Walace,CRU,Meia,6,4.0,0.0,0.0,0,0.0,False,True,RBB,-1.988,armadilha_forte,0.0,0.0,0.0,44.2
124912,Jonathan Jesus,CRU,Zagueiro,7,4.81,-0.1,0.25,2,0.5,True,True,RBB,-0.295,neutro,2.049,0.25,0.25,59.8
146807,Rayan Lelis,CRU,Atacante,6,2.0,0.0,0.0,0,0.0,False,True,RBB,-0.569,armadilha_leve,0.0,0.0,0.0,45.0
139345,Kauã Prates,CRU,Lateral,6,3.39,0.0,0.0,1,0.0,False,True,RBB,-0.25,neutro,1.648,0.0,0.125,59.9
105047,João Marcelo,CRU,Zagueiro,6,3.75,0.0,0.9,3,0.0,False,True,RBB,-0.222,neutro,1.522,0.9,0.375,59.8
132264,Arroyo,CRU,Atacante,7,5.89,1.24,2.44,9,9.2,True,True,RBB,-0.614,armadilha_leve,2.315,1.88,1.0,45.0
131967,Villarreal,CRU,Atacante,6,7.52,-1.0,5.26,5,0.0,True,True,RBB,1.357,valor_bom,4.953,2.06,0.625,45.0
143350,Murilo Rhikman,CRU,Meia,6,2.95,0.0,0.5,1,0.0,False,True,RBB,-0.424,neutro,0.771,0.5,0.125,44.2
143600,Kauã Moraes,CRU,Lateral,6,6.34,-1.23,5.42,4,1.9,True,True,RBB,0.091,neutro,3.916,1.92,0.5,59.9
92854,Borré,INT,Atacante,7,6.37,-0.06,2.73,10,-0.2,True,True,GRE,0.477,neutro,3.633,1.93,1.0,73.4
88136,Ivan,REM,Goleiro,6,4.0,0.0,0.0,0,0.0,False,True,VAS,-1.764,armadilha_forte,0.0,0.0,0.0,42.6
117404,Otávio,CRU,Goleiro,6,2.0,0.0,0.0,0,0.0,False,True,RBB,-0.388,neutro,0.0,0.0,0.0,59.8
69783,Danilo,FLA,Zagueiro,6,6.96,0.0,0.75,2,0.0,False,False,FLU,0.116,neutro,3.357,0.75,0.25,32.6
83528,Léo Pereira,FLA,Zagueiro,7,9.9,-0.44,4.67,6,2.3,True,False,FLU,0.125,neutro,4.292,2.17,0.75,32.6
137543,Tevis,CRU,Atacante,6,2.0,0.0,0.0,0,0.0,False,True,RBB,-0.569,armadilha_leve,0.0,0.0,0.0,45.0
84816,Varela,FLA,Lateral,7,8.32,-0.64,5.16,7,2.5,True,False,FLU,0.748,valor_bom,5.456,3.16,0.875,33.1
137542,Kaique Kenji,CRU,Atacante,6,1.95,0.0,0.0,3,0.0,False,True,RBB,0.147,neutro,0.692,0.0,0.375,45.0
122660,Japa,CRU,Meia,6,5.93,0.0,5.2,3,0.0,False,True,RBB,1.869,valor_oculto,4.524,3.53,0.375,44.2
87863,Arrascaeta,FLA,Meia,7,15.77,-1.03,5.47,6,1.8,True,False,FLU,-0.599,armadilha_leve,4.785,3.8,0.75,40.2
80061,Saúl,FLA,Meia,6,7.0,0.0,0.0,0,0.0,False,False,FLU,-3.45,armadilha_forte,0.0,0.0,0.0,40.2
84735,Jorginho,FLA,Meia,5,10.36,1.6,3.31,7,11.0,True,False,FLU,-0.425,neutro,3.822,2.6,0.875,40.2
82627,Luiz Araújo,FLA,Atacante,2,8.96,-0.24,4.4,5,3.0,True,False,FLU,0.607,valor_bom,4.622,1.8,0.625,40.4
98873,Samuel Lino,FLA,Atacante,7,9.67,0.1,5.5,8,2.5,True,False,FLU,0.91,valor_bom,5.131,2.88,1.0,40.4
86757,Everton,FLA,Atacante,6,6.32,0.0,1.8,5,0.0,False,False,FLU,0.485,neutro,3.622,1.8,0.625,40.4
88393,Ayrton Lucas,FLA,Lateral,2,7.7,-0.58,3.04,5,1.2,True,False,FLU,0.224,neutro,4.686,1.84,0.625,33.1
90285,Bruno Henrique,FLA,Atacante,6,7.29,0.0,1.77,3,2.2,True,False,FLU,0.457,neutro,3.946,1.77,0.375,40.4
96870,Emerson Royal,FLA,Lateral,6,6.12,0.0,3.92,4,0.0,False,False,FLU,-0.304,neutro,3.416,2.42,0.5,33.1
97867,Léo Ortiz,FLA,Zagueiro,7,9.24,-0.23,4.34,8,1.4,True,False,FLU,0.197,neutro,4.174,2.46,1.0,32.6
96652,Allan,COR,Meia,6,2.85,0.0,0.88,6,0.0,False,True,PAL,-0.273,neutro,0.837,0.88,0.75,30.5
109096,Plata,FLA,Atacante,6,10.34,1.38,6.6,3,8.0,True,False,FLU,0.871,valor_bom,5.263,2.27,0.375,40.4
91473,Erick Pulgar,FLA,Meia,5,6.08,0.0,1.53,6,0.0,False,False,FLU,0.265,neutro,3.096,1.53,0.75,40.2
122320,Daniel Sales,FLA,Lateral,6,2.0,0.0,0.0,0,0.0,False,False,FLU,-0.47,neutro,0.0,0.0,0.0,33.1
115914,Evertton Araújo,FLA,Meia,7,2.68,-0.06,0.52,5,0.8,True,False,FLU,-0.284,neutro,0.696,0.52,0.625,40.2
140492,João Victor,FLA,Zagueiro,6,2.0,0.0,0.0,0,0.0,False,False,FLU,-0.403,neutro,0.0,0.0,0.0,32.6
130189,Léo Nannetti,FLA,Goleiro,6,2.0,0.0,0.0,0,0.0,False,False,FLU,-0.388,neutro,0.0,0.0,0.0,33.9
62977,Ganso,FLU,Meia,6,4.15,0.24,1.29,9,2.5,True,True,FLA,-0.412,neutro,1.548,1.29,1.0,61.8
145705,Douglas Telles,FLA,Atacante,6,2.0,0.0,0.0,0,0.0,False,False,FLU,-0.569,armadilha_leve,0.0,0.0,0.0,40.4
122573,Wallace Yan,FLA,Atacante,6,3.64,0.0,0.27,3,0.0,False,False,FLU,-0.166,neutro,1.655,0.27,0.375,40.4
122318,Dyogo Alves,FLA,Goleiro,6,3.0,0.0,0.0,0,0.0,False,False,FLU,-1.163,armadilha_leve,0.0,0.0,0.0,33.9
140303,Da Mata,FLA,Zagueiro,6,2.0,0.0,0.0,0,0.0,False,False,FLU,-0.403,neutro,0.0,0.0,0.0,32.6
99228,De la Cruz,FLA,Meia,2,6.18,-0.69,1.33,4,0.0,True,False,FLU,0.43,neutro,3.29,1.33,0.5,40.2
78117,Everaldo,BAH,Atacante,7,7.06,-1.82,5.9,7,3.0,True,False,MIR,1.839,valor_oculto,5.293,2.47,0.875,70.6
73384,Samuel Xavier,FLU,Lateral,7,8.51,0.0,4.65,7,0.0,False,True,FLA,0.426,neutro,5.218,3.79,0.875,55.4
87228,Guilherme Arana,FLU,Lateral,6,9.12,-0.3,4.7,6,4.2,True,True,FLA,0.25,neutro,5.28,2.7,0.75,55.4
78445,Renê,FLU,Lateral,7,9.78,0.0,7.2,6,0.0,False,True,FLA,1.104,valor_bom,6.351,4.53,0.75,55.4
101319,Guga,FLU,Lateral,6,5.15,-1.36,2.26,5,-0.3,True,True,FLA,-0.354,neutro,2.816,1.06,0.625,55.4
101478,Marcelo Pitaluga,FLU,Goleiro,6,3.0,0.0,0.0,0,0.0,False,True,FLA,-1.163,armadilha_leve,0.0,0.0,0.0,55.5
82463,Otávio,FLU,Meia,6,3.21,-0.35,0.73,4,0.0,True,True,FLA,-0.613,armadilha_leve,0.78,0.73,0.5,61.8
130382,Guilherme Gomes,FLA,Meia,6,3.0,0.0,0.0,0,0.0,False,False,FLU,-1.293,armadilha_leve,0.0,0.0,0.0,40.2
103523,Ignácio,FLU,Zagueiro,6,6.14,-0.43,2.77,4,0.5,True,True,FLA,0.722,valor_bom,3.596,2.77,0.5,55.3
86485,Keno,CFC,Atacante,5,4.12,0.0,0.73,4,0.0,False,False,BOT,-0.4,neutro,1.693,0.73,0.5,60.5
143295,Joshua,FLA,Meia,6,3.0,0.0,0.0,0,0.0,False,False,FLU,-1.293,armadilha_leve,0.0,0.0,0.0,40.2
110759,John Kennedy,FLU,Atacante,7,10.42,0.49,7.09,9,11.0,True,True,FLA,1.56,valor_oculto,5.994,3.53,1.0,61.5
92182,Juninho,INT,Zagueiro,6,6.58,1.58,5.0,1,5.0,True,True,GRE,1.097,valor_bom,4.119,2.0,0.125,67.0
102137,Vitor Eudes,FLU,Goleiro,6,2.0,0.0,0.0,0,0.0,False,True,FLA,-0.388,neutro,0.0,0.0,0.0,55.5
99366,Luis Zubeldía,FLU,Técnico,7,10.11,-0.49,6.07,10,3.05,True,True,FLA,0.42,neutro,5.837,6.07,1.0,61.2
100987,Nonato,FLU,Meia,5,7.28,0.0,5.3,2,0.0,False,True,FLA,1.264,valor_bom,4.476,0.3,0.25,61.8
116447,Hércules,FLU,Meia,7,7.8,-0.66,5.13,8,3.6,True,True,FLA,1.315,valor_bom,4.7,3.25,1.0,61.8
102928,Canobbio,FLU,Atacante,7,10.99,0.0,7.98,7,0.0,False,True,FLA,1.686,valor_oculto,6.263,3.84,0.875,61.5
87258,Soteldo,FLU,Atacante,6,4.37,0.46,1.07,6,2.9,True,True,FLA,-0.523,armadilha_leve,1.701,1.07,0.75,61.5
89493,Igor Rabello,FLU,Zagueiro,6,5.0,0.0,0.0,0,0.0,False,True,FLA,-2.615,armadilha_forte,0.0,0.0,0.0,55.3
78855,Thiago Santos,CFC,Zagueiro,6,3.93,0.0,2.88,4,0.0,False,False,BOT,0.317,neutro,2.13,1.38,0.5,36.5
79631,Cano,FLU,Atacante,5,5.37,-0.08,0.8,2,1.6,True,True,FLA,-0.801,armadilha_leve,1.899,0.8,0.25,61.5
87887,Balbuena,GRE,Zagueiro,6,6.3,0.0,3.18,5,0.0,False,False,INT,0.753,valor_bom,3.69,2.58,0.625,53.5
105807,Luan Freitas,FLU,Zagueiro,6,3.0,0.0,0.0,0,0.0,False,True,FLA,-1.321,armadilha_leve,0.0,0.0,0.0,55.3
132071,Serna,FLU,Atacante,6,6.08,-0.74,2.42,10,3.7,True,True,FLA,-0.693,armadilha_leve,2.311,1.92,1.0,61.5
140484,Riquelme Felipe,FLU,Atacante,6,4.0,0.0,0.0,0,0.0,False,True,FLA,-1.975,armadilha_forte,0.0,0.0,0.0,61.5
42135,Willian,GRE,Meia,5,3.93,0.0,1.25,6,0.0,False,False,INT,-0.236,neutro,1.586,1.25,0.75,45.3
72018,Tiago Volpi,RBB,Goleiro,7,11.25,1.05,7.0,3,8.9,True,False,CRU,0.439,neutro,4.912,3.67,0.375,51.6
88037,Luís Castro,GRE,Técnico,7,9.9,0.53,4.94,10,6.07,True,False,INT,0.087,neutro,5.209,4.94,1.0,45.5
130650,Bernal,FLU,Meia,6,2.9,0.0,0.3,4,0.0,False,True,FLA,-0.529,armadilha_leve,0.637,0.3,0.5,61.8
87342,Kannemann,GRE,Zagueiro,6,5.0,0.0,0.0,0,0.0,False,False,INT,-2.615,armadilha_forte,0.0,0.0,0.0,53.5
91706,Marlon,GRE,Lateral,5,10.32,0.0,6.62,6,0.0,False,False,INT,0.66,valor_bom,6.102,4.29,0.75,53.7
63013,Marcos Rocha,GRE,Lateral,6,7.36,0.0,0.0,1,0.0,False,False,INT,0.781,valor_bom,5.079,0.0,0.125,53.7
63289,Edenílson,BOT,Meia,2,5.75,-0.79,2.43,7,0.6,True,True,CFC,0.753,valor_bom,3.412,1.0,0.875,50.0
90532,Arthur Melo,GRE,Meia,7,8.55,-1.66,3.82,5,-1.0,True,False,INT,0.412,neutro,4.097,3.82,0.625,45.3
127932,Júlio Fidelis,FLU,Lateral,6,2.0,0.0,0.0,0,0.0,False,True,FLA,-0.47,neutro,0.0,0.0,0.0,55.4
91908,Pavón,GRE,Atacante,7,6.11,-0.24,3.72,10,2.8,True,False,INT,-0.005,neutro,3.033,3.72,1.0,45.4
111309,Gustavo Martins,GRE,Zagueiro,7,6.95,0.84,3.17,7,7.0,True,False,INT,0.402,neutro,3.617,1.31,0.875,53.5
89883,Dodi,GRE,Meia,6,3.04,0.57,0.13,6,2.3,True,False,INT,-0.769,armadilha_leve,0.516,0.13,0.75,45.3
105563,Carlos Vinícius,GRE,Atacante,7,15.97,-1.14,7.37,10,2.8,True,False,INT,0.68,valor_bom,6.211,1.77,1.0,45.4
112616,Gabriel Grando,GRE,Goleiro,6,4.0,0.0,0.0,0,0.0,False,False,INT,-1.764,armadilha_forte,0.0,0.0,0.0,53.8
102318,Caio Paulista,GRE,Lateral,6,5.86,0.0,3.58,4,0.0,False,False,INT,-0.277,neutro,3.303,2.83,0.5,53.7
89273,João Pedro,GRE,Lateral,5,3.33,0.0,0.6,4,0.0,False,False,INT,-0.415,neutro,1.436,0.6,0.5,53.7
109966,Monsalve,GRE,Meia,7,2.71,-0.02,0.25,6,0.7,True,False,INT,-0.449,neutro,0.567,0.25,0.75,45.3
70944,Bruno Henrique,INT,Meia,6,3.52,-0.4,0.89,8,-0.6,True,True,GRE,-0.76,armadilha_leve,0.848,0.89,1.0,72.9
90703,Matheuzinho,VIT,Meia,7,6.43,1.58,2.98,8,8.7,True,True,SAO,0.684,valor_bom,3.625,2.35,1.0,35.6
125467,Viery,GRE,Zagueiro,7,4.53,1.2,2.65,7,7.3,True,False,INT,0.426,neutro,2.569,1.79,0.875,53.5
114405,Sinisterra,CRU,Atacante,5,5.76,0.0,1.7,1,0.0,False,True,RBB,-0.749,armadilha_leve,2.122,1.7,0.125,45.0
72951,Mercado,INT,Zagueiro,7,7.52,1.15,5.17,7,9.4,True,True,GRE,1.191,valor_bom,4.551,3.46,0.875,67.0
121792,André,GRE,Atacante,6,3.21,0.0,1.2,3,0.0,False,False,INT,-0.515,armadilha_leve,1.019,1.2,0.375,45.4
104994,Wagner Leonardo,GRE,Zagueiro,6,5.73,0.0,2.93,3,0.0,False,False,INT,-0.149,neutro,2.617,2.93,0.375,53.5
142004,Amuzu,GRE,Atacante,7,9.04,1.55,5.5,9,10.6,True,False,INT,1.098,valor_bom,5.152,3.5,1.0,45.4
113034,Freytes,FLU,Zagueiro,7,4.88,-0.42,3.06,9,0.0,True,True,FLA,0.476,neutro,2.796,2.06,1.0,55.3
92981,Ronaldo,INT,Meia,6,3.89,0.0,2.85,7,0.0,False,True,GRE,0.569,valor_bom,2.31,2.14,0.875,72.9
118238,Ronald,GRE,Meia,6,3.0,0.0,0.0,0,0.0,False,False,INT,-1.293,armadilha_leve,0.0,0.0,0.0,45.3
97145,Villasanti,GRE,Meia,6,7.0,0.0,0.0,0,0.0,False,False,INT,-3.45,armadilha_forte,0.0,0.0,0.0,45.3
107989,Carbonero,INT,Atacante,7,7.93,-0.22,4.02,10,0.7,True,True,GRE,0.644,valor_bom,4.35,2.72,1.0,73.4
116067,Thiago Beltrame,GRE,Goleiro,6,2.0,0.0,0.0,0,0.0,False,False,INT,-0.388,neutro,0.0,0.0,0.0,53.8
101960,Vitinho,INT,Atacante,7,7.61,0.23,4.2,9,7.1,True,True,GRE,0.854,valor_bom,4.464,2.53,1.0,73.4
86711,Richard,INT,Meia,6,4.0,0.0,0.0,0,0.0,False,True,GRE,-1.988,armadilha_forte,0.0,0.0,0.0,72.9
115479,Paulo Pezzolano,INT,Técnico,7,7.67,0.71,4.68,10,7.15,True,True,GRE,0.305,neutro,4.66,4.68,1.0,71.6
106202,Bruno Gomes,INT,Meia,7,6.59,-0.27,3.36,10,2.0,True,True,GRE,0.769,valor_bom,3.765,3.36,1.0,72.9
111683,Anthoni,INT,Goleiro,6,3.34,0.0,1.6,1,0.0,False,True,GRE,1.186,valor_bom,2.733,1.6,0.125,66.7
110510,Aguirre,INT,Lateral,6,5.65,-0.05,3.35,9,5.0,True,True,GRE,-0.199,neutro,3.262,2.46,1.0,67.0
71684,Gustavo Gómez,PAL,Zagueiro,7,10.27,-1.14,4.75,9,0.0,True,False,COR,0.136,neutro,4.401,2.19,1.0,74.0
123744,Alan Rodríguez,INT,Meia,6,3.57,0.0,0.68,6,0.0,False,True,GRE,-0.898,armadilha_leve,0.752,0.68,0.75,72.9
89637,Thiago Maia,INT,Meia,6,3.84,-0.23,0.62,5,1.1,True,True,GRE,-0.412,neutro,1.369,0.62,0.625,72.9
70592,Felipe Anderson,PAL,Meia,2,6.34,-0.36,2.09,7,1.3,True,False,COR,0.321,neutro,3.253,2.09,0.875,65.4
111466,Victor Gabriel,INT,Zagueiro,3,4.55,0.24,2.37,9,3.7,True,True,GRE,0.265,neutro,2.431,1.7,1.0,67.0
107174,Bruno Tabata,INT,Meia,6,3.54,0.0,0.68,4,0.0,False,True,GRE,-0.865,armadilha_leve,0.764,0.68,0.5,72.9
99440,Baralhas,VIT,Meia,7,9.49,0.0,6.27,7,0.0,False,True,SAO,1.312,valor_bom,5.204,4.13,0.875,35.6
93790,Marlon Freitas,PAL,Meia,7,7.03,-1.62,3.64,10,4.5,True,False,COR,0.76,valor_bom,3.92,2.14,1.0,65.4
71631,Weverton,GRE,Goleiro,7,8.86,2.62,4.0,10,15.9,True,False,INT,0.221,neutro,4.058,2.5,1.0,53.8
105647,Maurício,PAL,Meia,7,6.95,0.21,3.16,9,3.1,True,False,COR,0.536,valor_bom,3.683,2.05,1.0,65.4
110506,Abel Ferreira,PAL,Técnico,7,12.13,-0.09,6.64,10,5.04,True,False,COR,0.435,neutro,6.525,6.64,1.0,64.6
68872,Marcelo Lomba,PAL,Goleiro,6,4.0,0.0,0.0,0,0.0,False,False,COR,-1.764,armadilha_forte,0.0,0.0,0.0,73.4
143488,Raykkonen,INT,Atacante,6,2.63,0.0,0.5,1,0.0,False,True,GRE,-0.221,neutro,0.901,0.5,0.125,73.4
97653,Murilo,PAL,Zagueiro,7,7.08,0.2,3.8,8,1.7,True,False,COR,0.66,valor_bom,3.904,2.05,1.0,74.0
137618,Clayton Sampaio,INT,Zagueiro,6,3.0,0.0,0.0,0,0.0,False,True,GRE,-1.321,armadilha_leve,0.0,0.0,0.0,67.0
104085,Bruno Fuchs,PAL,Zagueiro,6,8.0,0.0,3.33,3,0.0,False,False,COR,0.23,neutro,3.824,2.33,0.375,74.0
99818,Paulinho,PAL,Atacante,6,15.0,0.0,0.0,0,0.0,False,False,COR,-5.175,armadilha_forte,0.0,0.0,0.0,65.0
104084,Carlos Miguel,PAL,Goleiro,7,7.71,0.1,4.1,10,4.7,True,False,COR,0.607,valor_bom,4.113,3.1,1.0,73.4
84674,Lucas Evangelista,PAL,Meia,6,5.15,0.17,1.49,8,2.5,True,False,COR,-0.84,armadilha_leve,1.664,0.86,1.0,65.4
112863,Ramón Sosa,PAL,Atacante,2,5.2,-0.02,1.73,9,0.5,True,False,COR,-0.688,armadilha_leve,1.939,0.84,1.0,65.0
130612,Luighi,PAL,Atacante,6,2.53,-0.1,0.66,5,0.9,True,False,COR,-0.204,neutro,0.839,0.66,0.625,65.0
92811,Bruno Rodrigues,CRU,Atacante,6,2.69,0.0,0.43,4,0.0,False,True,RBB,-0.386,neutro,0.777,0.43,0.5,45.0
124526,Giay,PAL,Lateral,7,5.6,-0.72,3.36,9,-0.5,True,False,COR,-0.163,neutro,3.268,2.69,1.0,73.9
105175,Khellven,PAL,Lateral,6,4.46,-0.19,1.53,7,-0.1,True,False,COR,-0.32,neutro,2.401,1.53,0.875,73.9
113103,Flaco López,PAL,Atacante,7,14.49,0.48,6.47,10,6.4,True,False,COR,0.447,neutro,5.711,3.07,1.0,65.0
108683,Emiliano Martínez,PAL,Meia,6,4.63,0.0,0.95,2,0.0,False,False,COR,-0.569,armadilha_leve,1.66,0.95,0.25,65.4
141451,Allan,PAL,Meia,7,13.27,0.13,6.23,10,4.0,True,False,COR,0.521,valor_bom,5.359,4.73,1.0,65.4
111832,Jefté,PAL,Lateral,5,3.01,0.0,0.33,3,0.0,False,False,COR,-0.115,neutro,1.439,0.33,0.375,73.9
97321,Alesson,MIR,Atacante,2,8.23,-0.8,4.43,8,2.9,True,True,BAH,0.791,valor_bom,4.596,3.8,1.0,24.1
82775,Lucas Ramon,SAO,Lateral,7,11.27,-0.95,7.77,6,0.5,True,False,VIT,0.854,valor_bom,6.595,5.94,0.75,49.8
136156,Larson,PAL,Meia,6,2.44,0.0,0.47,3,0.0,False,False,COR,-0.055,neutro,0.714,0.47,0.375,65.4
72279,Thomazella,MIR,Goleiro,6,2.0,0.0,0.0,0,0.0,False,True,BAH,-0.388,neutro,0.0,0.0,0.0,30.5
97460,João Victor,MIR,Zagueiro,7,4.53,-0.22,1.87,8,0.5,True,True,BAH,0.009,neutro,2.184,1.25,1.0,29.1
133679,Benedetti,PAL,Zagueiro,6,3.0,0.0,0.0,0,0.0,False,False,COR,-1.321,armadilha_leve,0.0,0.0,0.0,74.0
87742,Neto Moura,MIR,Meia,7,4.0,0.0,1.82,6,0.0,False,True,BAH,-0.017,neutro,1.83,1.82,0.75,23.3
79066,Alex Muralha,MIR,Goleiro,6,3.0,0.0,0.0,0,0.0,False,True,BAH,-1.163,armadilha_leve,0.0,0.0,0.0,30.5
81005,André Luis,MIR,Atacante,7,3.58,-0.15,0.33,4,0.8,True,True,BAH,-0.223,neutro,1.559,0.33,0.5,24.1
97520,Shaylon,MIR,Meia,6,4.62,-0.89,2.56,5,2.1,True,True,BAH,-0.073,neutro,2.115,1.56,0.625,23.3
83263,Yuri Lara,MIR,Meia,5,4.85,-0.38,2.02,5,1.5,True,True,BAH,-0.421,neutro,1.908,2.02,0.625,23.3
104027,Rafael Guanaes,MIR,Técnico,7,7.01,-0.07,3.9,8,3.95,True,True,BAH,0.258,neutro,4.267,3.9,1.0,24.7
73318,Daniel Borges,MIR,Lateral,6,4.18,0.0,1.3,1,0.0,False,True,BAH,-0.74,armadilha_leve,1.793,1.3,0.125,29.6
90917,Carlos Eduardo,MIR,Atacante,6,3.98,-0.08,1.15,4,1.5,True,True,BAH,-0.188,neutro,1.833,1.15,0.5,24.1
77777,João Schmidt,SAN,Meia,6,4.12,0.0,1.13,6,0.0,False,True,CAM,-0.409,neutro,1.534,1.13,0.75,43.4
98384,Negueba,MIR,Atacante,7,8.19,0.0,5.35,7,0.0,False,True,BAH,1.229,valor_bom,5.036,4.21,0.875,24.1
102667,Nathan Fogaça,MIR,Atacante,6,5.49,0.0,4.26,5,0.0,False,True,BAH,0.191,neutro,2.976,1.06,0.625,24.1
81150,Mayke,SAN,Lateral,6,4.67,0.0,1.2,1,0.0,False,True,CAM,0.093,neutro,2.946,1.2,0.125,56.6
83257,Gabriel,SAN,Atacante,7,8.28,-0.86,3.35,4,0.5,True,True,CAM,0.481,neutro,4.291,1.35,0.5,43.7
101708,Felipe Jonatan,CFC,Lateral,6,4.83,0.13,1.94,5,2.3,True,False,BOT,-0.274,neutro,2.693,1.34,0.625,37.0
105903,Aldo Filho,MIR,Meia,7,4.94,0.56,2.56,7,6.5,True,True,BAH,-0.181,neutro,2.175,1.85,0.875,23.3
74187,Rincón,SAN,Meia,6,3.05,0.0,-1.6,1,0.0,False,True,CAM,-0.753,armadilha_leve,0.538,0.0,0.125,43.4
78478,Willian Arão,SAN,Meia,2,5.15,-0.08,1.52,5,2.7,True,True,CAM,-0.785,armadilha_leve,1.715,1.52,0.625,43.4
117403,Renato Marques,CFC,Atacante,6,4.01,0.0,2.1,1,0.0,False,False,BOT,0.118,neutro,2.166,2.1,0.125,60.5
84847,Luan Peres,SAN,Zagueiro,7,4.35,-0.72,2.06,8,0.9,True,True,CAM,0.219,neutro,2.28,1.31,1.0,56.5
95466,Igor Vinícius,SAN,Lateral,2,9.18,0.0,6.05,6,0.0,False,True,CAM,0.819,valor_bom,5.858,4.22,0.75,56.6
104204,Edson Carioca,MIR,Atacante,2,4.58,-0.19,1.2,3,1.3,True,True,BAH,-0.427,neutro,1.909,1.2,0.375,24.1
82455,Zé Rafael,SAN,Meia,6,8.88,-0.64,5.35,4,0.5,True,True,CAM,0.88,valor_bom,4.63,2.85,0.5,43.4
84042,Tiquinho Soares,MIR,Atacante,6,5.86,-0.01,2.1,5,2.8,True,True,BAH,-0.766,armadilha_leve,2.146,2.1,0.625,24.1
87470,Thaciano,SAN,Meia,6,7.52,-0.25,3.76,7,4.6,True,True,CAM,0.697,valor_bom,4.032,2.33,0.875,43.4
141754,Gabriel Bontempo,SAN,Meia,6,4.15,0.85,1.81,7,4.7,True,True,CAM,-0.114,neutro,1.825,1.81,0.875,43.4
63008,Rafael Tolói,SAO,Zagueiro,7,7.79,0.79,4.57,3,4.5,True,False,VIT,0.671,valor_bom,4.162,3.57,0.375,49.6
91866,Zé Ivaldo,SAN,Zagueiro,6,5.75,-0.57,1.9,4,-0.3,True,True,CAM,-0.503,armadilha_leve,2.299,1.9,0.5,56.5
102975,Escobar,SAN,Lateral,7,10.75,-1.02,8.5,5,6.3,True,True,CAM,1.217,valor_bom,6.786,6.3,0.625,56.6
141868,Vinicius Lira,SAN,Lateral,5,3.79,0.0,2.42,4,0.0,False,True,CAM,-0.182,neutro,2.043,2.42,0.5,56.6
70164,Lucas Moura,SAO,Meia,5,7.89,0.0,2.69,7,0.0,False,False,VIT,0.027,neutro,3.533,1.26,0.875,32.8
130811,Souza,SAN,Lateral,6,8.0,0.0,0.0,0,0.0,False,True,CAM,-4.71,armadilha_forte,0.0,0.0,0.0,56.6
142867,Robinho Jr.,SAN,Atacante,6,3.06,0.0,0.0,2,0.0,False,True,CAM,-0.665,armadilha_leve,0.761,0.0,0.25,43.7
102256,Rollheiser,SAN,Meia,6,4.48,-0.37,0.34,7,0.0,True,True,CAM,-1.046,armadilha_leve,1.139,0.34,0.875,43.4
101597,Ramon,VIT,Lateral,7,7.97,-0.01,5.22,8,2.6,True,True,SAO,0.907,valor_bom,5.467,3.34,1.0,54.8
113690,Diógenes,SAN,Goleiro,6,2.0,0.0,0.0,0,0.0,False,True,CAM,-0.388,neutro,0.0,0.0,0.0,56.6
85403,Danielzinho,SAO,Meia,7,7.17,0.0,3.6,8,0.0,False,False,VIT,0.723,valor_bom,3.935,2.35,1.0,32.8
118775,Lautaro Díaz,SAN,Atacante,6,7.52,2.09,3.97,4,9.6,True,True,CAM,0.916,valor_bom,4.498,1.97,0.5,43.7
104075,Sabino,SAO,Zagueiro,6,7.1,-0.95,4.83,9,-0.3,True,False,VIT,1.237,valor_bom,4.444,3.5,1.0,49.6
81845,Alisson,FLU,Meia,6,4.09,-0.51,0.43,4,0.0,True,True,FLA,-0.57,armadilha_leve,1.368,0.43,0.5,61.8
99889,Alan Franco,SAO,Zagueiro,7,6.1,0.0,2.83,8,0.0,False,False,VIT,0.548,valor_bom,3.419,1.71,1.0,49.6
89840,Calleri,SAO,Atacante,6,13.84,0.16,7.41,10,9.8,True,False,VIT,1.07,valor_bom,6.233,2.61,1.0,33.2
108469,Adonis Frías,SAN,Zagueiro,6,4.69,0.0,1.53,4,0.0,False,True,CAM,-0.091,neutro,2.176,1.53,0.5,56.5
80570,Wendell,SAO,Lateral,2,8.28,-2.15,4.86,5,-1.7,True,False,VIT,0.693,valor_bom,5.386,2.66,0.625,49.8
101290,Ferreira,SAO,Atacante,7,9.87,5.15,4.43,7,26.0,True,False,VIT,0.352,neutro,4.607,1.0,0.875,33.2
105300,Ferraresi,BOT,Zagueiro,2,6.06,-0.11,2.41,7,1.0,True,True,CFC,0.397,neutro,3.263,1.98,0.875,41.1
107873,Bobadilla,SAO,Meia,6,8.15,-1.18,3.89,9,-0.9,True,False,VIT,0.514,valor_bom,4.069,3.33,1.0,32.8
106294,Marcos Antônio,SAO,Meia,7,7.13,0.77,2.95,10,4.9,True,False,VIT,0.309,neutro,3.537,1.95,1.0,32.8
77656,Cédric Soares,SAO,Lateral,6,5.12,0.0,1.27,3,0.0,False,False,VIT,-0.508,armadilha_leve,2.647,1.27,0.375,49.8
71123,Thiago Mendes,VAS,Meia,7,7.5,-0.19,4.67,9,1.0,True,False,REM,1.189,valor_bom,4.482,3.0,1.0,66.3
113359,Pablo Maia,SAO,Meia,5,4.28,-0.65,1.36,8,-0.3,True,False,VIT,-0.435,neutro,1.599,1.36,1.0,32.8
72391,Fernando Diniz,COR,Técnico,7,7.85,0.0,4.19,3,0.0,False,True,PAL,0.167,neutro,4.513,4.19,0.375,31.5
118563,Rodriguinho,RBB,Meia,7,5.93,0.0,3.4,4,0.0,False,False,CRU,1.283,valor_bom,3.98,2.15,0.5,60.0
108588,Tapia,SAO,Atacante,6,5.33,0.0,2.4,6,0.0,False,False,VIT,-0.424,neutro,2.271,2.4,0.75,33.2
93716,Paulo Henrique,VAS,Lateral,7,8.82,0.0,3.77,7,0.0,False,False,REM,-0.119,neutro,4.807,2.34,0.875,45.1
90309,David,VAS,Atacante,7,5.75,1.53,3.11,8,8.2,True,False,REM,-0.241,neutro,2.642,0.48,1.0,65.8
131617,André Silva,SAO,Atacante,7,4.13,-0.34,0.08,6,-0.3,True,False,VIT,-0.808,armadilha_leve,1.277,0.08,0.75,33.2
140542,Ryan Francisco,SAO,Atacante,6,5.0,0.0,0.0,0,0.0,False,False,VIT,-2.477,armadilha_forte,0.0,0.0,0.0,33.2
106028,Coronel,SAO,Goleiro,6,5.0,0.0,0.0,0,0.0,False,False,VIT,-2.255,armadilha_forte,0.0,0.0,0.0,50.1
141611,Maik,SAO,Lateral,6,6.54,0.0,4.35,4,0.0,False,False,VIT,-0.379,neutro,3.559,3.6,0.5,49.8
117818,Young,SAO,Goleiro,6,3.0,0.0,0.0,0,0.0,False,False,VIT,-1.163,armadilha_leve,0.0,0.0,0.0,50.1
141609,Lucca,SAO,Atacante,6,3.0,0.0,0.0,0,0.0,False,False,VIT,-1.361,armadilha_leve,0.0,0.0,0.0,33.2
99213,Puma Rodríguez,VAS,Lateral,3,8.33,1.92,4.73,7,10.2,True,False,REM,0.538,valor_bom,5.255,1.73,0.875,45.1
81091,Jair,VAS,Meia,5,6.0,0.0,0.0,0,0.0,False,False,REM,-3.035,armadilha_forte,0.0,0.0,0.0,66.3
97095,Carlos Cuesta,VAS,Zagueiro,6,6.0,0.0,0.7,3,0.0,False,False,REM,-0.934,armadilha_leve,2.008,0.7,0.375,44.8
95936,Daniel Fuzato,VAS,Goleiro,6,2.0,0.0,0.0,0,0.0,False,False,REM,-0.388,neutro,0.0,0.0,0.0,45.5
105584,Lucas Piton,VAS,Lateral,6,5.02,0.0,1.06,8,0.0,False,False,REM,-0.993,armadilha_leve,2.112,1.06,1.0,45.1
116706,Andrés Gómez,VAS,Atacante,7,11.64,-1.13,7.46,9,1.6,True,False,REM,1.47,valor_bom,6.19,6.35,1.0,65.8
101594,Hugo Moura,VAS,Meia,6,2.96,0.0,1.2,6,0.0,False,False,REM,-0.213,neutro,0.974,1.2,0.75,66.3
86410,Victor Luis,MIR,Lateral,6,4.41,0.0,1.97,3,0.0,False,True,BAH,0.163,neutro,2.838,1.97,0.375,29.6
86686,Tchê Tchê,VAS,Meia,7,4.15,-1.18,1.81,7,0.5,True,False,REM,-0.114,neutro,1.825,1.1,0.875,66.3
117330,Robert Renan,VAS,Zagueiro,7,5.08,0.46,1.49,10,3.0,True,False,REM,-0.56,armadilha_leve,1.938,1.49,1.0,44.8
122485,Barros,VAS,Meia,7,10.37,0.37,7.52,8,3.7,True,False,REM,1.805,valor_oculto,5.895,5.64,1.0,66.3
142279,Nuno Moreira,VAS,Meia,6,5.62,-0.49,2.62,10,1.3,True,False,REM,0.751,valor_bom,3.354,2.12,1.0,66.3
111682,Adson,VAS,Meia,6,6.57,0.0,2.8,2,0.0,False,False,REM,1.004,valor_bom,3.976,2.8,0.25,66.3
115141,Lucas Freitas,VAS,Zagueiro,6,3.61,0.0,0.0,1,0.0,False,False,REM,-0.085,neutro,1.56,0.0,0.125,44.8
112709,Kaiki Bruno,CRU,Lateral,7,10.88,-0.27,5.24,9,5.3,True,True,RBB,-0.182,neutro,5.463,3.8,1.0,59.9
99198,Vegetti,VAS,Atacante,6,11.0,0.0,0.0,0,0.0,False,False,REM,-4.384,armadilha_forte,0.0,0.0,0.0,65.8
118752,Mateus Carvalho,VAS,Meia,5,4.0,0.0,0.0,0,0.0,False,False,REM,-1.988,armadilha_forte,0.0,0.0,0.0,66.3
90588,Caíque,VIT,Meia,6,4.73,0.24,1.88,6,3.4,True,True,SAO,-0.413,neutro,1.856,1.88,0.75,35.6
83786,Neris,VIT,Zagueiro,5,3.08,0.0,1.5,1,0.0,False,True,SAO,0.485,neutro,1.727,1.5,0.125,54.7
92696,Renato Kayzer,VIT,Atacante,2,7.67,0.4,3.88,6,4.7,True,True,SAO,0.758,valor_bom,4.384,1.21,0.75,36.1
42222,Osvaldo,VIT,Atacante,6,4.37,0.0,0.8,1,0.0,False,True,SAO,-0.212,neutro,2.022,0.8,0.125,36.1
102130,Piquerez,PAL,Lateral,5,11.43,0.0,6.43,6,0.0,False,False,COR,0.216,neutro,6.021,4.6,0.75,73.9
92180,Jair Ventura,VIT,Técnico,7,7.98,0.15,4.95,8,3.16,True,True,SAO,0.301,neutro,4.792,4.95,1.0,36.4
100969,Ronald Lopes,VIT,Meia,6,3.34,-1.02,-1.25,2,-1.9,True,True,SAO,-1.123,armadilha_leve,0.394,0.0,0.25,35.6
96793,Camutanga,VIT,Zagueiro,5,6.71,-0.5,3.95,7,0.5,True,True,SAO,0.893,valor_bom,3.981,2.66,0.875,54.7
115100,Matheus França,VAS,Meia,6,3.12,0.0,0.57,3,0.0,False,False,REM,-0.587,armadilha_leve,0.741,0.57,0.375,66.3
104118,Lucas Arcanjo,VIT,Goleiro,2,9.19,0.88,6.1,6,5.5,True,True,SAO,0.993,valor_bom,4.974,4.43,0.75,54.9
97645,Thiago Couto,VIT,Goleiro,6,3.0,0.0,0.0,0,0.0,False,True,SAO,-1.163,armadilha_leve,0.0,0.0,0.0,54.9
93411,Cantalapiedra,VIT,Meia,6,4.65,0.0,1.27,6,0.0,False,True,SAO,-0.651,armadilha_leve,1.594,1.27,0.75,35.6
91573,Arboleda,SAO,Zagueiro,6,8.95,0.0,3.98,6,0.0,False,False,VIT,0.096,neutro,3.996,2.98,0.75,49.6
90031,Mendoza,CAP,Atacante,7,8.17,-0.36,4.97,8,2.3,True,True,CHA,1.07,valor_bom,4.866,1.97,1.0,69.6
92273,Odair Hellmann,CAP,Técnico,7,8.03,0.15,5.08,8,3.33,True,True,CHA,0.327,neutro,4.857,5.08,1.0,67.4
101752,Claudinho,VIT,Lateral,6,4.0,0.0,0.0,0,0.0,False,True,SAO,-2.442,armadilha_forte,0.0,0.0,0.0,54.8
102796,Julimar,CAP,Atacante,2,8.09,1.51,5.17,8,9.6,True,True,CHA,1.191,valor_bom,4.966,1.54,1.0,69.6
104330,Dudu,VIT,Meia,5,5.01,0.0,3.95,2,0.0,False,True,SAO,-0.126,neutro,2.26,1.45,0.25,35.6
111879,Mateus Silva,VIT,Lateral,5,4.95,0.0,4.85,2,0.0,False,True,SAO,0.476,neutro,3.501,3.35,0.25,54.8
130620,Edenílson,VIT,Meia,3,3.15,-0.99,1.27,3,-1.8,True,True,SAO,-0.404,neutro,0.932,1.27,0.375,35.6
109138,Kike Saverio,VIT,Atacante,6,5.0,0.0,0.0,0,0.0,False,True,SAO,-2.477,armadilha_forte,0.0,0.0,0.0,36.1
110668,Esquivel,CAP,Lateral,7,6.69,-0.14,4.42,6,4.2,True,True,CHA,-0.308,neutro,3.702,2.25,0.75,80.5
116461,Jamerson,VIT,Lateral,5,6.19,0.0,4.1,3,0.0,False,True,SAO,-0.339,neutro,3.419,2.1,0.375,54.8
110698,Mycael,CAP,Goleiro,6,5.0,0.0,0.0,0,0.0,False,True,CHA,-2.255,armadilha_forte,0.0,0.0,0.0,79.8
111951,Renzo López,VIT,Atacante,6,2.09,0.0,0.4,4,0.0,False,True,SAO,0.092,neutro,0.767,0.4,0.5,36.1
85626,Léo,CAP,Zagueiro,6,6.77,0.0,4.9,2,0.0,False,True,CHA,1.092,valor_bom,4.187,3.4,0.25,80.7
105518,Renan Peixoto,CAP,Atacante,6,3.61,0.0,0.0,1,0.0,False,True,CHA,0.121,neutro,1.933,0.0,0.125,69.6
113113,Benavídez,CAP,Lateral,7,6.72,0.11,4.4,8,2.0,True,True,CHA,-0.241,neutro,3.782,2.4,1.0,80.5
107985,Terán,CAP,Zagueiro,6,4.92,0.0,2.72,5,0.0,False,True,CHA,0.225,neutro,2.584,2.12,0.625,80.7
112017,Felipinho,CAP,Meia,6,4.2,0.0,1.5,1,0.0,False,True,CHA,-0.171,neutro,1.8,1.5,0.125,68.5
145387,Rúben Ismael,VIT,Meia,5,4.0,0.0,0.0,0,0.0,False,True,SAO,-1.988,armadilha_forte,0.0,0.0,0.0,35.6
80129,Jadson,CAP,Meia,7,4.28,0.58,1.41,7,3.0,True,True,CHA,-0.393,neutro,1.638,1.41,0.875,68.5
123869,Aguirre,CAP,Zagueiro,7,4.76,-0.57,2.73,7,-1.7,True,True,CHA,0.337,neutro,2.607,1.87,0.875,80.7
120433,Léo Derik,CAP,Lateral,2,4.37,-0.23,2.84,5,1.5,True,True,CHA,0.398,neutro,3.039,2.24,0.625,80.5
122316,Batata,CAP,Lateral,6,1.0,0.0,0.0,0,0.0,False,True,CHA,1.094,valor_bom,0.0,0.0,0.0,80.5
125746,Dudu,CAP,Meia,7,2.47,0.05,2.49,7,1.2,True,True,CHA,0.863,valor_bom,1.592,1.78,0.875,68.5
125926,Zapelli,CAP,Meia,6,5.49,0.0,2.5,6,0.0,False,True,CHA,-0.515,armadilha_leve,2.121,1.67,0.75,68.5
122439,Isaac,CAP,Atacante,6,2.0,0.0,0.0,0,0.0,False,True,CHA,-0.569,armadilha_leve,0.0,0.0,0.0,69.6
127970,Felipe Chiqueti,CAP,Meia,6,1.85,0.0,1.35,4,0.0,False,True,CHA,0.824,valor_bom,0.987,1.35,0.5,68.5
131832,Portilla,CAP,Meia,6,3.58,0.69,1.5,8,4.7,True,True,CHA,0.083,neutro,1.669,1.5,1.0,68.5
115266,Renan Viana,CAP,Atacante,6,2.0,0.0,0.0,0,0.0,False,True,CHA,-0.569,armadilha_leve,0.0,0.0,0.0,69.6
128431,João Cruz,CAP,Meia,6,4.98,0.68,1.95,4,5.0,True,True,CHA,-0.525,armadilha_leve,1.875,0.7,0.5,68.5
123101,Leozinho,CAP,Atacante,6,2.33,-0.23,-0.15,2,0.0,True,True,CHA,-0.148,neutro,0.731,0.0,0.25,69.6
143193,Viveros,CAP,Atacante,7,10.45,-0.5,6.55,8,0.4,True,True,CHA,1.225,valor_bom,5.656,2.92,1.0,69.6
130842,Matheus Soares,CAP,Goleiro,6,1.0,0.0,0.0,0,0.0,False,True,CHA,0.705,valor_bom,0.0,0.0,0.0,79.8
82628,Tinga,CFC,Lateral,2,4.89,-0.37,2.33,6,0.0,True,False,BOT,-0.197,neutro,2.807,2.33,0.75,37.0
81952,Willian Oliveira,CFC,Meia,6,5.22,0.0,2.43,7,0.0,False,False,BOT,-0.39,neutro,2.114,2.43,0.875,60.8
71227,Maicon,CFC,Zagueiro,7,4.17,-0.19,2.34,9,-0.3,True,False,BOT,0.474,neutro,2.415,1.34,1.0,36.5
84339,Bruno Melo,CFC,Lateral,7,6.44,0.91,4.17,9,7.2,True,False,BOT,-0.186,neutro,3.697,2.61,1.0,37.0
143532,Carlos Eduardo,CAP,Goleiro,6,1.0,0.0,0.0,0,0.0,False,True,CHA,0.705,valor_bom,0.0,0.0,0.0,79.8
90302,Pedro Rocha,CFC,Atacante,7,6.93,0.03,3.77,10,1.7,True,False,BOT,0.836,valor_bom,4.211,2.17,1.0,60.5
128427,Alejandro García,CAP,Meia,6,4.0,0.0,0.0,0,0.0,False,True,CHA,-1.988,armadilha_forte,0.0,0.0,0.0,68.5
101405,Wallisson,CFC,Meia,7,4.52,-0.24,2.66,7,0.0,True,False,BOT,0.097,neutro,2.221,2.66,0.875,60.8
50742,Gabriel Leite,CFC,Goleiro,6,3.0,0.0,0.0,0,0.0,False,False,BOT,-1.163,armadilha_leve,0.0,0.0,0.0,37.6
128429,Marcão,CAP,Zagueiro,6,3.0,0.0,0.0,0,0.0,False,True,CHA,-1.321,armadilha_leve,0.0,0.0,0.0,80.7
63354,Rodrigo Moledo,CFC,Zagueiro,6,3.0,0.0,0.0,0,0.0,False,False,BOT,-1.321,armadilha_leve,0.0,0.0,0.0,36.5
145609,Élan Ricardo,CAP,Meia,6,3.0,0.0,0.0,0,0.0,False,True,CHA,-1.293,armadilha_leve,0.0,0.0,0.0,68.5
84428,Fernando Sobral,CFC,Meia,6,4.56,0.0,1.5,2,0.0,False,False,BOT,-0.412,neutro,1.77,1.5,0.25,60.8
110708,Pedro Rangel,CFC,Goleiro,7,5.87,0.21,4.36,7,2.9,True,False,BOT,1.363,valor_bom,4.237,2.22,0.875,37.6
84626,Josué,CFC,Meia,7,5.61,0.97,2.76,9,6.5,True,False,BOT,-0.351,neutro,2.326,1.09,1.0,60.8
104811,Sebastián Gómez,CFC,Meia,7,3.8,0.4,1.82,8,2.4,True,False,BOT,0.109,neutro,1.829,1.82,1.0,60.8
97878,Jacy,CFC,Zagueiro,7,5.56,0.45,4.37,9,5.2,True,False,BOT,0.877,valor_bom,3.49,3.04,1.0,36.5
126977,Fernando Seabra,CFC,Técnico,7,7.53,0.33,5.18,10,4.37,True,False,BOT,0.512,valor_bom,4.937,5.18,1.0,60.2
123648,Lucas Ronier,CFC,Atacante,7,11.05,-0.78,8.44,10,5.0,True,False,BOT,2.197,valor_oculto,6.805,6.14,1.0,60.5
124358,João Almeida,CFC,Lateral,6,1.0,0.0,0.0,0,0.0,False,False,BOT,1.094,valor_bom,0.0,0.0,0.0,37.0
124834,Ruan Assis,CFC,Atacante,6,1.0,0.0,0.0,0,0.0,False,False,BOT,0.546,valor_bom,0.0,0.0,0.0,60.5
125803,Pedro Morisco,CFC,Goleiro,5,8.04,0.0,5.0,4,0.0,False,False,BOT,0.795,valor_bom,4.42,5.0,0.5,37.6
109127,Tiago Cóser,CFC,Zagueiro,6,4.3,1.64,2.98,8,8.8,True,False,BOT,0.746,valor_bom,2.74,1.1,1.0,36.5
117930,Lavega,CFC,Atacante,6,4.51,0.0,3.03,9,0.0,False,False,BOT,0.303,neutro,2.627,1.25,1.0,60.5
125551,Jean Gabriel,CFC,Meia,6,2.0,0.0,0.0,0,0.0,False,False,BOT,-0.398,neutro,0.0,0.0,0.0,60.8
141337,Lucas Taverna,CFC,Lateral,6,1.0,0.0,0.0,0,0.0,False,False,BOT,1.094,valor_bom,0.0,0.0,0.0,37.0
82730,Marcelo Rangel,REM,Goleiro,7,5.85,1.64,3.1,10,8.9,True,True,VAS,0.732,valor_bom,3.558,2.6,1.0,42.6
112576,Vini Paulista,CFC,Meia,6,3.68,0.32,2.04,10,3.2,True,False,BOT,0.318,neutro,1.95,2.04,1.0,60.8
115840,Benassi,CFC,Goleiro,6,1.0,0.0,0.0,0,0.0,False,False,BOT,0.705,valor_bom,0.0,0.0,0.0,37.6
131279,Thiago Azaf,CFC,Atacante,6,1.0,0.0,0.0,0,0.0,False,False,BOT,0.546,valor_bom,0.0,0.0,0.0,60.5
130283,Matheus Dias,CFC,Meia,6,1.0,0.0,0.0,0,0.0,False,False,BOT,0.863,valor_bom,0.0,0.0,0.0,60.8
96831,Carlinhos,REM,Atacante,6,3.5,0.0,-1.0,0,0.0,False,True,VAS,-1.685,armadilha_forte,0.0,0.0,0.0,57.0
97795,Marcelinho,REM,Lateral,7,5.24,1.22,3.77,7,10.8,True,True,VAS,0.237,neutro,3.447,3.34,0.875,42.2
104257,João Lucas,REM,Lateral,5,4.59,0.0,2.82,6,0.0,False,True,VAS,0.22,neutro,3.017,2.82,0.75,42.2
97735,Giovanni Pavani,REM,Meia,6,2.98,0.0,1.5,1,0.0,False,True,VAS,-0.327,neutro,0.883,1.5,0.125,57.2
84708,Panagiotis,REM,Meia,6,3.0,0.0,0.0,0,0.0,False,True,VAS,-1.293,armadilha_leve,0.0,0.0,0.0,57.2
83074,Ygor Vinhas,REM,Goleiro,6,3.0,0.0,0.0,0,0.0,False,True,VAS,-1.163,armadilha_leve,0.0,0.0,0.0,42.6
111945,Diego Hernández,REM,Meia,6,3.69,0.0,1.47,3,0.0,False,True,VAS,0.082,neutro,1.737,1.47,0.375,57.2
107700,Eduardo Melo,REM,Atacante,6,2.13,0.0,1.4,1,0.0,False,True,VAS,0.284,neutro,1.001,1.4,0.125,57.0
95555,Sávio,REM,Lateral,6,4.66,0.0,2.47,3,0.0,False,True,VAS,0.129,neutro,2.975,2.47,0.375,42.2
102911,Zé Ricardo,REM,Meia,6,4.6,0.0,3.5,9,0.0,False,True,VAS,0.587,valor_bom,2.718,3.5,1.0,57.2
117338,Yago Ferreira,REM,Meia,6,2.0,0.0,0.0,0,0.0,False,True,VAS,-0.398,neutro,0.0,0.0,0.0,57.2
146040,João Pedro,REM,Atacante,6,3.13,0.0,2.06,5,0.0,False,True,VAS,-0.114,neutro,1.378,0.46,0.625,57.0
107172,Patrick de Paula,REM,Meia,6,7.36,0.0,5.48,6,0.0,False,True,VAS,1.571,valor_oculto,4.789,3.81,0.75,57.2
143455,PH Gama,REM,Meia,6,2.0,0.0,0.0,0,0.0,False,True,VAS,-0.398,neutro,0.0,0.0,0.0,57.2
141386,Marcos Alexandre,REM,Goleiro,6,1.0,0.0,0.0,0,0.0,False,True,VAS,0.705,valor_bom,0.0,0.0,0.0,42.6
98224,Jáderson,REM,Meia,6,2.53,-0.12,0.53,6,0.0,True,True,VAS,-0.165,neutro,0.687,0.53,0.75,57.2
68822,Rafael Santos,CHA,Goleiro,7,5.24,2.05,4.65,2,8.1,True,False,CAP,0.675,valor_bom,3.23,4.65,0.25,28.2
70958,Jean Carlos,CHA,Meia,7,8.04,-0.14,4.54,9,1.6,True,False,CAP,0.923,valor_bom,4.413,2.32,1.0,22.6
95620,Bruno Leonardo,CHA,Zagueiro,7,2.8,-0.59,1.52,8,-0.9,True,False,CAP,0.616,valor_bom,1.638,1.15,1.0,26.7
71043,Léo Vieira,BAH,Goleiro,7,6.83,-0.77,5.79,9,3.2,True,False,MIR,1.736,valor_oculto,5.009,4.68,1.0,71.2
83048,Rafael Thyere,CHA,Zagueiro,6,4.0,0.0,0.0,0,0.0,False,False,CAP,-2.033,armadilha_forte,0.0,0.0,0.0,26.7
95332,Marcinho,CHA,Atacante,6,3.04,-0.47,1.75,8,-0.3,True,False,CAP,-0.08,neutro,1.351,1.75,1.0,23.4
88293,Neto Pessoa,CHA,Atacante,6,4.89,1.6,3.03,4,8.0,True,False,CAP,-0.043,neutro,2.459,1.03,0.5,23.4
141385,João Victor,REM,Goleiro,6,1.0,0.0,0.0,0,0.0,False,True,VAS,0.705,valor_bom,0.0,0.0,0.0,42.6
145782,Tassano,REM,Zagueiro,6,3.0,0.0,0.0,0,0.0,False,True,VAS,-1.321,armadilha_leve,0.0,0.0,0.0,41.9
142593,Nicolás Ferreira,REM,Atacante,6,2.74,0.0,0.2,1,0.0,False,True,VAS,-0.335,neutro,0.868,0.2,0.125,57.0
122441,Kayky Almeida,REM,Zagueiro,6,2.81,0.0,1.89,7,0.0,False,True,VAS,0.802,valor_bom,1.818,1.89,0.875,41.9
97432,Victor Caetano,CHA,Zagueiro,6,3.47,0.0,2.0,5,0.0,False,False,CAP,0.326,neutro,1.849,2.0,0.625,26.7
105664,Walter Clar,CHA,Lateral,2,7.88,0.06,5.2,9,2.8,True,False,CAP,0.92,valor_bom,5.442,2.31,1.0,27.3
101393,Eduardo Doma,CHA,Zagueiro,7,5.19,-0.23,3.9,9,4.7,True,False,CAP,0.793,valor_bom,3.241,2.9,1.0,26.7
68938,Giovanni Augusto,CHA,Meia,6,3.2,0.0,0.93,7,0.0,False,False,CAP,-0.515,armadilha_leve,0.864,0.93,0.875,22.6
109336,Rafael Carvalheira,CHA,Meia,7,4.93,0.0,2.54,8,0.0,False,False,CAP,-0.161,neutro,2.189,1.92,1.0,22.6
102906,Anderson,CHA,Goleiro,6,3.0,0.0,0.0,0,0.0,False,False,CAP,-1.163,armadilha_leve,0.0,0.0,0.0,28.2
104470,Everton,CHA,Lateral,3,3.73,-0.3,2.27,8,-1.0,True,False,CAP,-0.114,neutro,2.062,1.27,1.0,27.3
97969,Marcos Vinícius,CHA,Lateral,7,3.91,0.5,2.8,3,4.5,True,False,CAP,-0.207,neutro,2.112,1.13,0.375,27.3
116066,Rubens,CHA,Atacante,6,3.15,0.0,2.28,5,0.0,False,False,CAP,-0.046,neutro,1.462,0.68,0.625,23.4
107516,Ênio,CHA,Atacante,7,5.25,1.23,3.3,2,5.6,True,False,CAP,-0.265,neutro,2.399,3.3,0.25,23.4
104519,Camilo,CHA,Meia,7,5.41,1.09,2.98,8,6.3,True,False,CAP,-0.166,neutro,2.409,2.98,1.0,22.6
122138,João Vitor,CHA,Meia,6,3.24,0.13,1.86,5,1.9,True,False,CAP,-0.17,neutro,1.211,1.86,0.625,22.6
130414,Robert,CHA,Meia,5,3.51,0.0,3.0,1,0.0,False,False,CAP,-0.537,armadilha_leve,1.049,3.0,0.125,22.6
111279,Mancha,CHA,Lateral,6,3.0,0.0,0.0,0,0.0,False,False,CAP,-1.581,armadilha_forte,0.0,0.0,0.0,27.3
103987,Higor Meritão,CHA,Meia,6,7.62,0.0,4.95,7,0.0,False,False,CAP,1.259,valor_bom,4.588,4.24,0.875,22.6
121870,Gustavo Talles,CHA,Lateral,6,2.0,0.0,0.0,0,0.0,False,False,CAP,-0.47,neutro,0.0,0.0,0.0,27.3
97900,Vitão,FLA,Zagueiro,6,8.27,0.0,1.9,3,0.0,False,False,FLU,-0.287,neutro,3.434,0.9,0.375,32.6
107453,João Paulo,CHA,Zagueiro,6,4.91,0.0,7.0,1,0.0,False,False,CAP,0.679,valor_bom,2.999,2.0,0.125,26.7
110426,Bernabei,INT,Lateral,6,10.45,2.59,5.16,9,15.7,True,True,GRE,-0.082,neutro,5.421,3.83,1.0,67.0
123625,Ítalo,CHA,Atacante,7,3.03,0.25,1.99,9,1.8,True,False,CAP,0.073,neutro,1.501,1.99,1.0,23.4
130843,Arthur Dias,CAP,Zagueiro,7,5.08,-1.2,3.32,7,0.0,True,True,CHA,0.462,neutro,2.882,2.46,0.875,80.7
140438,David,CHA,Meia,6,1.31,0.62,0.77,3,2.6,True,False,CAP,1.272,valor_bom,0.796,0.77,0.375,22.6
124674,Felipe Negrucci,SAO,Meia,6,2.0,0.0,0.0,0,0.0,False,False,VIT,-0.398,neutro,0.0,0.0,0.0,32.8
130806,Kauan,CHA,Zagueiro,6,1.0,0.0,0.0,0,0.0,False,False,CAP,0.891,valor_bom,0.0,0.0,0.0,26.7
68708,Eduardo,MIR,Meia,7,6.63,-0.27,3.4,4,1.0,True,True,BAH,0.984,valor_bom,3.98,2.15,0.5,23.3
89837,Lucho Acosta,FLU,Meia,7,11.78,0.0,7.62,9,0.0,False,True,FLA,1.602,valor_oculto,6.044,4.29,1.0,61.8
99552,Rossi,FLA,Goleiro,7,7.48,-0.27,3.6,8,0.3,True,False,FLU,0.446,neutro,3.865,1.73,1.0,33.9
89274,Andreas Pereira,PAL,Meia,7,14.31,-0.94,7.07,10,2.6,True,False,COR,0.805,valor_bom,5.826,2.57,1.0,65.4
51772,Everton Ribeiro,BAH,Meia,7,10.16,1.23,5.54,5,8.9,True,False,MIR,0.64,valor_bom,4.759,3.54,0.625,71.2
127969,Matheus Reis,FLU,Atacante,5,1.0,0.0,0.0,0,0.0,False,True,FLA,0.546,valor_bom,0.0,0.0,0.0,61.5
