atleta_id,nome,clube_id,clube,posicao_id,posicao,status_id,preco,variacao,media,jogos,pontos_rodada,entrou_em_campo,scout_A,scout_CA,scout_DS,scout_FC,scout_FD,scout_FF,scout_FS,scout_G,scout_I,scout_PP,scout_PS,scout_PC,scout_GC,scout_FT,scout_SG,scout_DE,scout_GS,scout_CV,scout_V,scout_DP,mandante,adversario,tendencia,min_valorizar,pb_media,resiliencia_pct,confiabilidade,media_bayesiana,residuo_z,armadilha_label,custo_beneficio,cb_rank,status_label,time_pos,adv_pos,time_momentum_of,time_momentum_def,adv_momentum_of,adv_momentum_def,sequencia_time,forma_score_time,vantagem_mando,oportunidade_confronto,score_confronto,score_confronto_z,score_confronto_100
80287,Luciano,276,SAO,5,Atacante,7,13.18,-0.5,4.34,9,-0.9,True,1.0,2.0,6.0,10.0,4.0,7.0,14.0,2.0,4.0,1.0,1.0,,,,0.0,,,,,,False,VIT,estavel,4.3,2.01,0.463,1.0,4.538,-0.447,neutro,0.344,61,Provável,2,14,0.933,1.429,0.8,0.771,2,0.525,-21.7,0.075,0.2944,-1.084,33.7
100652,Yuri Alberto,264,COR,5,Atacante,7,11.42,-0.26,2.75,6,1.0,True,0.0,1.0,2.0,7.0,4.0,2.0,6.0,1.0,8.0,,,,,,0.0,,,,,,True,PAL,estavel,1.0,1.42,0.516,0.75,3.899,-0.701,armadilha_leve,0.256,86,Provável,16,1,0.75,1.091,0.762,0.6,-2,0.225,-40.0,0.3,0.2696,-1.24,31.4
39148,Hulk,282,CAM,5,Atacante,7,11.96,-0.87,5.02,10,1.2,True,3.0,1.0,4.0,8.0,5.0,6.0,28.0,1.0,3.0,,,,,,0.0,,,,,,False,SAN,baixa,1.2,2.72,0.542,1.0,4.905,0.156,neutro,0.41,47,Provável,8,15,1.0,0.667,0.769,0.75,2,0.7,-33.3,0.5,0.4648,-0.011,49.8
141776,Gustavo Henrique,277,SAN,4,Meia,7,2.54,-0.24,1.5,4,1.5,True,0.0,2.0,5.0,6.0,,1.0,3.0,0.0,,,,,,,0.0,,,,,,True,CAM,estavel,1.5,1.5,1.0,0.5,1.037,0.204,neutro,0.204,128,Provável,15,8,0.769,0.75,1.0,0.667,-1,0.4,33.3,0.3,0.4021,-0.427,43.6
78850,Reinaldo,2305,MIR,2,Lateral,7,8.72,-0.35,0.77,6,1.7,True,0.0,3.0,3.0,7.0,,4.0,4.0,0.0,,,,,,,0.0,,,,,,True,BAH,estavel,1.7,0.77,1.0,0.75,3.595,-1.322,armadilha_leve,0.309,50,Provável,20,5,0.36,0.9,1.108,1.2,-5,0.0,-41.7,0.3,0.2009,-1.376,29.4
106104,Enamorado,284,GRE,5,Atacante,7,7.34,-0.13,3.45,9,3.5,True,1.0,1.0,10.0,6.0,3.0,6.0,11.0,0.0,1.0,,,,,,0.0,,,,,,False,INT,estavel,3.5,2.89,0.838,1.0,4.067,0.557,valor_bom,0.554,18,Provável,11,13,0.714,0.714,1.333,0.6,1,0.35,-20.0,0.675,0.4264,-0.252,46.2
103445,Kaio Jorge,283,CRU,5,Atacante,7,12.03,-1.29,4.62,6,1.2,True,0.0,,1.0,3.0,3.0,8.0,3.0,2.0,4.0,,,,,,0.0,,,,,,True,RBB,baixa,1.2,1.95,0.422,0.75,4.701,-0.056,neutro,0.293,72,Provável,19,9,1.333,0.9,1.2,1.2,-1,0.4,-6.7,0.175,0.392,-0.469,43.0
86292,Bolasie,315,CHA,5,Atacante,7,3.86,-0.05,1.18,8,1.2,True,0.0,1.0,1.0,9.0,,8.0,9.0,0.0,2.0,,1.0,,,,0.0,,,,,,False,CAP,estavel,1.2,1.18,1.0,1.0,1.677,-0.272,neutro,0.434,40,Provável,17,6,0.36,0.9,1.2,1.077,1,0.275,-68.9,0.3,0.1804,-1.801,23.0
94583,Pedro,262,FLA,5,Atacante,7,16.34,1.28,6.68,8,9.0,True,2.0,,8.0,6.0,1.0,2.0,13.0,3.0,1.0,,,,,,0.0,,,,,,False,FLU,alta,9.0,2.43,0.364,1.0,5.721,0.146,neutro,0.35,60,Provável,4,3,1.125,1.0,1.176,1.273,1,0.65,-53.3,0.3,0.3723,-0.593,41.1
128433,Johan Rojas,267,VAS,4,Meia,2,4.04,0.22,1.41,8,1.7,True,1.0,1.0,2.0,6.0,3.0,2.0,2.0,0.0,1.0,,,,,,0.0,,,,,,False,REM,estavel,1.7,0.78,0.553,1.0,1.624,-0.263,neutro,0.402,59,Dúvida,12,18,1.333,1.125,0.8,0.824,-1,0.525,-25.0,0.9,0.6488,1.172,67.6
118655,Saldivia,267,VAS,3,Zagueiro,7,5.41,0.34,2.34,7,3.6,True,0.0,2.0,12.0,7.0,1.0,1.0,7.0,0.0,,,,,1.0,,0.0,,,,,,False,REM,estavel,3.6,2.34,1.0,0.875,2.425,-0.201,neutro,0.392,35,Provável,12,18,1.333,1.125,0.8,0.824,-1,0.525,-25.0,0.4,0.4189,-0.331,45.0
101908,Willian Machado,2305,MIR,3,Zagueiro,7,4.4,0.0,2.06,7,0.0,False,0.0,1.0,7.0,3.0,1.0,2.0,6.0,0.0,,,,,,,0.0,,,,,,True,BAH,estavel,2.1,2.06,1.0,0.875,2.294,0.204,neutro,0.456,29,Provável,20,5,0.36,0.9,1.108,1.2,-5,0.0,-41.7,0.3,0.2009,-1.411,28.8
126182,Paulinho,285,INT,4,Meia,7,4.99,0.56,2.86,9,4.2,True,0.0,4.0,15.0,16.0,2.0,4.0,13.0,0.0,1.0,,,,,,0.0,,,,,,True,GRE,alta,4.2,2.86,1.0,1.0,2.379,0.012,neutro,0.477,37,Provável,13,11,1.333,0.6,0.714,0.714,4,0.775,20.0,0.675,0.6776,1.359,70.4
51413,Walter,2305,MIR,1,Goleiro,7,5.57,0.44,2.93,8,2.9,True,0.0,,,,,,,0.0,,,,1.0,,,0.0,28.0,12.0,,,,True,BAH,estavel,2.9,2.93,1.0,1.0,3.53,0.818,valor_bom,0.634,4,Provável,20,5,0.36,0.9,1.108,1.2,-5,0.0,-41.7,0.3,0.2009,-1.321,30.2
126120,Marcelinho,280,RBB,4,Meia,7,3.71,0.68,4.75,2,3.2,True,1.0,,1.0,1.0,1.0,2.0,1.0,0.0,,,,,,,0.0,,,,,,False,CRU,alta,3.2,2.25,0.474,0.25,2.42,0.805,valor_bom,0.163,137,Provável,9,19,1.2,1.2,1.333,0.9,2,0.55,6.7,0.675,0.5822,0.741,61.1
70666,Marllon,364,REM,3,Zagueiro,7,5.94,1.08,2.9,10,6.2,True,0.0,2.0,16.0,8.0,,1.0,7.0,0.0,,,,,,,1.0,,,,,,True,VAS,alta,6.2,2.6,0.897,1.0,2.722,-0.133,neutro,0.458,27,Provável,18,12,0.8,0.824,1.333,1.125,1,0.35,25.0,0.125,0.3786,-0.53,42.0
116034,Victor Hugo,282,CAM,4,Meia,7,8.62,2.26,4.74,10,13.3,True,1.0,,7.0,1.0,3.0,2.0,6.0,3.0,,,,,,,0.0,,,,,,False,SAN,alta,13.3,2.74,0.578,1.0,4.531,0.856,valor_bom,0.526,24,Provável,8,15,1.0,0.667,0.769,0.75,2,0.7,-33.3,0.5,0.4648,-0.02,49.7
106708,Igor Formiga,2305,MIR,2,Lateral,7,8.07,-0.89,5.29,8,5.0,True,0.0,,15.0,8.0,1.0,5.0,2.0,2.0,,,,,,,0.0,,,,,,True,BAH,baixa,5.0,3.79,0.716,1.0,5.502,0.9,valor_bom,0.682,3,Provável,20,5,0.36,0.9,1.108,1.2,-5,0.0,-41.7,0.3,0.2009,-1.376,29.4
69208,Gabriel Paulista,264,COR,3,Zagueiro,7,9.43,0.0,4.7,6,0.0,False,0.0,,7.0,7.0,,6.0,4.0,1.0,,,,,,,1.0,,,,,,True,PAL,estavel,4.7,3.2,0.681,0.75,4.305,0.28,neutro,0.342,43,Provável,16,1,0.75,1.091,0.762,0.6,-2,0.225,-40.0,0.0,0.1518,-1.654,25.2
93988,Breno Lopes,294,CFC,5,Atacante,7,8.29,0.03,4.1,9,2.3,True,0.0,2.0,5.0,6.0,2.0,3.0,10.0,3.0,6.0,,,,,,0.0,,,,,,False,BOT,estavel,2.3,1.43,0.349,1.0,4.411,0.594,valor_bom,0.532,25,Provável,7,10,0.727,0.8,1.013,0.947,2,0.525,0.0,0.95,0.5906,0.781,61.7
89256,Gerson,283,CRU,4,Meia,2,7.97,-0.23,2.61,9,2.2,True,0.0,2.0,11.0,9.0,3.0,1.0,15.0,0.0,2.0,,,,,,0.0,,,,,,True,RBB,estavel,2.2,2.61,1.0,1.0,3.391,-0.154,neutro,0.425,50,Dúvida,19,9,1.333,0.9,1.2,1.2,-1,0.4,-6.7,0.175,0.392,-0.492,42.6
105157,Villagra,285,INT,4,Meia,7,5.97,-0.37,2.16,5,2.2,True,0.0,,4.0,7.0,3.0,1.0,5.0,0.0,,,,,,,0.0,,,,,,True,GRE,estavel,2.2,2.16,1.0,0.625,3.459,0.704,valor_bom,0.362,74,Provável,13,11,1.333,0.6,0.714,0.714,4,0.775,20.0,0.675,0.6776,1.359,70.4
103388,Emmanuel Martínez,287,VIT,4,Meia,7,5.75,0.0,3.2,5,0.0,False,0.0,2.0,9.0,11.0,,1.0,14.0,0.0,,,,,,,0.0,,,,,,True,SAO,estavel,3.2,3.2,1.0,0.625,3.859,1.235,valor_bom,0.419,51,Provável,14,2,0.8,0.771,0.933,1.429,1,0.45,21.7,0.075,0.3209,-0.953,35.7
71536,Luiz Gustavo,293,CAP,4,Meia,7,6.08,0.09,3.12,7,2.8,True,0.0,1.0,6.0,5.0,,1.0,13.0,1.0,,,,,,,0.0,,,,,,True,CHA,estavel,2.8,2.41,0.772,0.875,3.734,0.952,valor_bom,0.537,20,Provável,6,17,1.2,1.077,0.36,0.9,-2,0.45,68.9,0.55,0.6171,0.967,64.5
113125,Picco,364,REM,4,Meia,7,7.15,-0.81,4.42,9,3.3,True,0.0,1.0,22.0,17.0,1.0,4.0,1.0,1.0,,,,,,,0.0,,,,,,True,VAS,baixa,3.3,3.86,0.873,1.0,4.35,1.177,valor_bom,0.608,5,Provável,18,12,0.8,0.824,1.333,1.125,1,0.35,25.0,0.8,0.5529,0.551,58.3
145404,Arthur,275,PAL,2,Lateral,7,3.11,1.08,2.62,6,5.6,True,0.0,,5.0,4.0,2.0,,4.0,0.0,,,,,,,1.0,,,,,,False,COR,alta,5.6,2.12,0.809,0.75,2.182,0.551,valor_bom,0.526,20,Provável,1,16,0.762,0.6,0.75,1.091,5,1.0,40.0,0.875,0.8207,1.655,74.8
107093,Luciano Juba,265,BAH,2,Lateral,7,10.13,-2.49,7.12,9,-0.4,True,1.0,2.0,8.0,8.0,4.0,4.0,7.0,3.0,,1.0,,,,,4.0,,,,,,False,MIR,baixa,7.1,3.23,0.454,1.0,6.458,1.09,valor_bom,0.638,4,Provável,5,20,1.108,1.2,0.36,0.9,-1,0.5,41.7,0.8,0.7891,1.501,72.5
94930,Lucas Paquetá,262,FLA,4,Meia,7,15.31,1.22,6.37,7,8.2,True,0.0,1.0,12.0,12.0,2.0,5.0,18.0,2.0,2.0,,,,,,0.0,,,,,,False,FLU,alta,8.2,4.94,0.776,0.875,5.25,-0.012,neutro,0.3,93,Provável,4,3,1.125,1.0,1.176,1.273,1,0.65,-53.3,0.3,0.3723,-0.62,40.7
116065,Cuiabano,267,VAS,2,Lateral,7,12.92,-1.4,9.15,6,3.2,True,4.0,1.0,15.0,6.0,3.0,2.0,4.0,1.0,,,,,,,0.0,,,,,,False,REM,baixa,3.2,4.82,0.527,0.75,7.187,0.974,valor_bom,0.417,41,Provável,12,18,1.333,1.125,0.8,0.824,-1,0.525,-25.0,0.4,0.4189,-0.31,45.4
108162,Nardoni,284,GRE,4,Meia,7,7.4,-0.2,2.63,7,2.2,True,0.0,1.0,6.0,7.0,,2.0,6.0,1.0,1.0,,,,,,0.0,,,,,,False,INT,estavel,2.2,1.92,0.73,0.875,3.505,0.173,neutro,0.414,56,Provável,11,13,0.714,0.714,1.333,0.6,1,0.35,-20.0,0.675,0.4264,-0.269,46.0
105048,Jajá,364,REM,5,Atacante,2,4.74,-0.62,4.08,7,0.5,True,0.0,1.0,9.0,5.0,1.0,5.0,9.0,1.0,1.0,,,,,,0.0,,,,,,True,VAS,baixa,0.5,2.94,0.721,0.875,3.064,0.614,valor_bom,0.566,15,Dúvida,18,12,0.8,0.824,1.333,1.125,1,0.35,25.0,0.8,0.5529,0.544,58.2
92747,Eduardo Domínguez,282,CAM,6,Técnico,7,11.61,-0.68,6.7,6,5.77,True,0.0,,,,,,,0.0,,,,,,,0.0,,,,4.0,,False,SAN,baixa,5.8,6.7,1.0,0.75,6.518,0.56,valor_bom,0.421,12,Provável,8,15,1.0,0.667,0.769,0.75,2,0.7,-33.3,0.5,0.4648,0.058,50.9
132553,Jemmes,266,FLU,3,Zagueiro,7,6.82,0.0,3.78,8,0.0,False,0.0,2.0,11.0,4.0,,,4.0,0.0,,,,,,,3.0,,,,,,True,FLA,estavel,3.8,2.65,0.701,1.0,3.894,0.754,valor_bom,0.571,9,Provável,3,4,1.176,1.273,1.125,1.0,3,0.7,53.3,0.225,0.563,0.383,55.7
93368,Lucas Veríssimo,277,SAN,3,Zagueiro,7,10.31,-1.19,6.2,3,2.0,True,0.0,,5.0,3.0,,2.0,1.0,0.0,1.0,,,,,,2.0,,,,,,True,CAM,baixa,2.0,4.2,0.677,0.375,4.606,0.347,neutro,0.168,63,Provável,15,8,0.769,0.75,1.0,0.667,-1,0.4,33.3,0.5,0.5763,0.449,56.7
101807,Oliva,277,SAN,4,Meia,7,8.2,1.04,5.04,5,6.7,True,1.0,,12.0,9.0,,3.0,5.0,0.0,,,,,,,0.0,,,,,,True,CAM,alta,6.7,4.04,0.802,0.625,4.566,1.033,valor_bom,0.348,78,Provável,15,8,0.769,0.75,1.0,0.667,-1,0.4,33.3,0.3,0.4021,-0.427,43.6
100804,Tchamba,364,REM,3,Zagueiro,7,5.72,1.34,3.0,6,7.0,True,0.0,,9.0,5.0,,,2.0,0.0,,,,,,,1.0,,,,,,True,VAS,alta,7.0,2.5,0.833,0.75,2.714,-0.039,neutro,0.356,41,Provável,18,12,0.8,0.824,1.333,1.125,1,0.35,25.0,0.125,0.3786,-0.53,42.0
88963,Leonardo Jardim,262,FLA,6,Técnico,7,13.48,0.78,7.11,6,6.89,True,0.0,,,,,,,0.0,,,,,,,0.0,,,,4.0,,False,FLU,alta,6.9,7.11,1.0,0.75,6.694,0.356,neutro,0.372,15,Provável,4,3,1.125,1.0,1.176,1.273,1,0.65,-53.3,0.3,0.3723,-0.482,42.8
41929,Renato Gaúcho,267,VAS,6,Técnico,7,10.25,0.05,5.49,6,4.3,True,0.0,,,,,,,0.0,,,,,,,0.0,,,,3.0,,False,REM,estavel,4.3,5.49,1.0,0.75,5.395,0.125,neutro,0.395,14,Provável,12,18,1.333,1.125,0.8,0.824,-1,0.525,-25.0,0.9,0.6488,1.131,67.0
81720,Lingard,264,COR,5,Atacante,2,4.9,-1.32,-0.1,2,-2.2,True,0.0,1.0,,4.0,1.0,1.0,,0.0,,,,,,,0.0,,,,,,True,PAL,baixa,0.0,0.0,0.0,0.25,1.719,-0.765,armadilha_leve,0.088,128,Dúvida,16,1,0.75,1.091,0.762,0.6,-2,0.225,-40.0,0.3,0.2696,-1.24,31.4
79437,Roger Machado,276,SAO,6,Técnico,7,11.26,0.53,5.43,6,6.73,True,0.0,,,,,,,0.0,,,,,,,0.0,,,,3.0,,False,VIT,alta,6.7,5.43,1.0,0.75,5.974,0.288,neutro,0.398,13,Provável,2,14,0.933,1.429,0.8,0.771,2,0.525,-21.7,0.075,0.2944,-0.936,36.0
37457,Léo Condé,364,REM,6,Técnico,7,8.03,0.57,4.46,6,6.27,True,0.0,,,,,,,0.0,,,,,,,0.0,,,,1.0,,True,VAS,alta,6.3,4.46,1.0,0.75,4.954,0.349,neutro,0.463,11,Provável,18,12,0.8,0.824,1.333,1.125,1,0.35,25.0,0.8,0.5529,0.572,58.6
95131,Gabriel Taliari,364,REM,5,Atacante,7,10.32,0.71,7.77,4,6.7,True,0.0,,4.0,5.0,3.0,4.0,8.0,2.0,2.0,,,,,,0.0,,,,,,True,VAS,alta,6.7,3.77,0.485,0.5,5.764,1.361,valor_bom,0.279,78,Provável,18,12,0.8,0.824,1.333,1.125,1,0.35,25.0,0.8,0.5529,0.544,58.2
127273,Artur Jorge,283,CRU,6,Técnico,7,12.29,-0.37,6.73,2,3.68,True,0.0,,,,,,,0.0,,,,,,,0.0,,,,1.0,,True,RBB,estavel,3.7,6.73,1.0,0.25,6.452,0.401,neutro,0.131,18,Provável,19,9,1.333,0.9,1.2,1.2,-1,0.4,-6.7,0.175,0.392,-0.367,44.5
42411,Cuca,277,SAN,6,Técnico,7,10.09,-0.55,5.58,3,3.56,True,0.0,,,,,,,0.0,,,,,,,0.0,,,,1.0,,True,CAM,baixa,3.6,5.58,1.0,0.375,5.394,0.156,neutro,0.2,17,Provável,15,8,0.769,0.75,1.0,0.667,-1,0.4,33.3,0.3,0.4021,-0.308,45.4
123016,David Braga,364,REM,4,Meia,2,3.83,0.25,2.2,2,2.2,True,0.0,1.0,3.0,2.0,,,3.0,0.0,,,,,,,0.0,,,,,,True,VAS,estavel,2.2,2.2,1.0,0.25,1.91,0.177,neutro,0.125,151,Dúvida,18,12,0.8,0.824,1.333,1.125,1,0.35,25.0,0.8,0.5529,0.551,58.3
109573,Martinelli,266,FLU,4,Meia,7,5.84,-0.92,2.36,10,0.6,True,1.0,2.0,8.0,15.0,4.0,6.0,7.0,0.0,,,,,,,0.0,,,,,,True,FLA,baixa,0.6,1.86,0.788,1.0,3.209,0.494,neutro,0.549,17,Provável,3,4,1.176,1.273,1.125,1.0,3,0.7,53.3,0.475,0.6016,0.866,63.0
101820,Mayk,364,REM,2,Lateral,7,7.71,1.69,5.9,2,8.0,True,0.0,,4.0,,,1.0,,0.0,,,,,,,1.0,,,,,,True,VAS,alta,8.0,4.4,0.746,0.25,5.751,1.311,valor_bom,0.186,68,Provável,18,12,0.8,0.824,1.333,1.125,1,0.35,25.0,0.125,0.3786,-0.507,42.4
101254,Alef Manga,364,REM,5,Atacante,7,8.27,-0.18,5.28,10,1.5,True,3.0,,6.0,5.0,6.0,11.0,7.0,2.0,12.0,1.0,,,,,0.0,,,,,,True,VAS,estavel,1.5,2.18,0.413,1.0,5.05,1.219,valor_bom,0.611,6,Provável,18,12,0.8,0.824,1.333,1.125,1,0.35,25.0,0.8,0.5529,0.544,58.2
107771,Fábio Matias,315,CHA,6,Técnico,7,7.4,0.0,0.0,0,0.0,False,0.0,,,,,,,0.0,,,,,,,0.0,,,,,,False,CAP,estavel,0.0,0.0,0.0,0.0,0.0,-2.546,armadilha_forte,0.0,20,Provável,17,6,0.36,0.9,1.2,1.077,1,0.275,-68.9,0.3,0.1804,-1.601,26.0
106593,Villalba,283,CRU,3,Zagueiro,7,7.21,-0.75,2.78,7,2.2,True,0.0,,7.0,10.0,,2.0,3.0,0.0,1.0,,,1.0,,,2.0,,,,,,True,RBB,baixa,2.2,1.92,0.691,0.875,3.435,0.102,neutro,0.417,34,Provável,19,9,1.333,0.9,1.2,1.2,-1,0.4,-6.7,0.825,0.6077,0.605,59.1
68685,Alan Patrick,285,INT,4,Meia,2,7.82,0.0,4.78,8,0.0,False,0.0,,6.0,5.0,1.0,7.0,16.0,2.0,,,,,,,0.0,,,,,,True,GRE,estavel,4.8,3.53,0.738,1.0,4.525,1.12,valor_bom,0.579,11,Dúvida,13,11,1.333,0.6,0.714,0.714,4,0.775,20.0,0.675,0.6776,1.359,70.4
149990,Franclim Carvalho,263,BOT,6,Técnico,7,11.74,0.0,0.0,0,0.0,False,0.0,,,,,,,0.0,,,,,,,0.0,,,,,,True,CFC,estavel,0.0,0.0,0.0,0.0,0.0,-3.488,armadilha_forte,0.0,20,Provável,10,7,1.013,0.947,0.727,0.8,2,0.7,0.0,0.3,0.4483,-0.038,49.4
104502,Christian,283,CRU,4,Meia,7,10.05,0.32,5.95,10,12.4,True,1.0,,12.0,11.0,3.0,5.0,17.0,3.0,4.0,,,,,,0.0,,,,,,True,RBB,estavel,12.4,3.95,0.664,1.0,5.204,1.15,valor_bom,0.518,28,Provável,19,9,1.333,0.9,1.2,1.2,-1,0.4,-6.7,0.175,0.392,-0.492,42.6
97810,Erick,287,VIT,5,Atacante,7,8.5,0.17,4.3,8,3.7,True,2.0,1.0,2.0,3.0,5.0,3.0,14.0,1.0,1.0,,,,,,0.0,,,,,,True,SAO,estavel,3.7,2.05,0.477,1.0,4.531,0.649,valor_bom,0.533,24,Provável,14,2,0.8,0.771,0.933,1.429,1,0.45,21.7,0.075,0.3209,-0.917,36.2
103056,Gabriel Brazão,277,SAN,1,Goleiro,7,5.28,-1.69,2.74,9,-1.7,True,0.0,2.0,,,1.0,,1.0,0.0,,,,1.0,,,2.0,23.0,14.0,,,,True,CAM,baixa,2.7,1.63,0.595,1.0,3.394,0.812,valor_bom,0.643,3,Provável,15,8,0.769,0.75,1.0,0.667,-1,0.4,33.3,0.5,0.5763,0.462,56.9
92171,Arthur Cabral,263,BOT,5,Atacante,7,9.49,-0.46,5.43,6,4.6,True,1.0,,3.0,11.0,2.0,5.0,8.0,2.0,,,,,,,0.0,,,,,,True,CFC,estavel,4.6,1.93,0.355,0.75,5.048,0.877,valor_bom,0.399,50,Provável,10,7,1.013,0.947,0.727,0.8,2,0.7,0.0,0.3,0.4483,-0.115,48.3
105949,Rochet,285,INT,1,Goleiro,7,7.3,0.71,3.39,9,8.1,True,0.0,,2.0,,,,1.0,0.0,,,,,,,2.0,20.0,9.0,,,,True,GRE,alta,8.1,2.28,0.673,1.0,3.738,0.384,neutro,0.512,10,Provável,13,11,1.333,0.6,0.714,0.714,4,0.775,20.0,0.7,0.7039,1.067,66.0
68928,Rafael,276,SAO,1,Goleiro,7,8.85,0.68,4.24,10,6.8,True,0.0,,,,,,1.0,0.0,,,,,,,3.0,26.0,7.0,,,,False,VIT,alta,6.8,2.74,0.646,1.0,4.191,0.349,neutro,0.474,13,Provável,2,14,0.933,1.429,0.8,0.771,2,0.525,-21.7,0.6,0.4852,0.029,50.4
69012,Santos,293,CAP,1,Goleiro,7,8.58,0.18,3.94,8,1.9,True,0.0,,,,,,,0.0,,,,,,,2.0,25.0,11.0,,,,True,CHA,estavel,1.9,2.69,0.683,1.0,4.035,0.277,neutro,0.47,14,Provável,6,17,1.2,1.077,0.36,0.9,-2,0.45,68.9,0.95,0.8744,1.877,78.2
63007,Neymar,277,SAN,4,Meia,7,21.28,0.0,10.03,4,0.0,False,1.0,3.0,2.0,6.0,2.0,3.0,17.0,3.0,4.0,,,,,,0.0,,,,,,True,CAM,estavel,10.0,5.03,0.501,0.5,6.19,0.03,neutro,0.145,146,Provável,15,8,0.769,0.75,1.0,0.667,-1,0.4,33.3,0.3,0.4021,-0.427,43.6
72294,Everson,282,CAM,1,Goleiro,7,10.29,-1.05,5.89,10,2.1,True,1.0,,,,,,3.0,0.0,,,,,,,3.0,38.0,12.0,,,,False,SAN,baixa,2.1,3.89,0.66,1.0,5.108,0.843,valor_bom,0.496,11,Provável,8,15,1.0,0.667,0.769,0.75,2,0.7,-33.3,0.725,0.5237,0.212,53.2
100898,Vitinho,263,BOT,2,Lateral,7,10.1,-0.28,5.5,8,4.9,True,0.0,1.0,23.0,11.0,,1.0,10.0,0.0,,,,,,1.0,1.0,,,,,,True,CFC,estavel,4.9,5.12,0.931,1.0,5.607,0.228,neutro,0.555,14,Provável,10,7,1.013,0.947,0.727,0.8,2,0.7,0.0,0.05,0.3568,-0.613,40.8
96591,Renan Lodi,282,CAM,2,Lateral,7,10.59,-0.73,5.35,10,3.4,True,1.0,2.0,14.0,19.0,1.0,5.0,25.0,0.0,5.0,,,,,1.0,3.0,,,,,,False,SAN,baixa,3.4,3.95,0.738,1.0,5.512,-0.036,neutro,0.52,21,Provável,8,15,1.0,0.667,0.769,0.75,2,0.7,-33.3,0.725,0.5237,0.203,53.0
99274,Alexander Barboza,263,BOT,3,Zagueiro,7,11.6,-0.19,6.02,6,7.3,True,2.0,2.0,12.0,9.0,1.0,2.0,,1.0,,,,,,,1.0,,,1.0,,,True,CFC,estavel,7.3,2.85,0.473,0.75,4.871,0.289,neutro,0.315,48,Provável,10,7,1.013,0.947,0.727,0.8,2,0.7,0.0,0.05,0.3568,-0.638,40.4
37656,Fábio,266,FLU,1,Goleiro,7,9.83,-0.23,4.69,10,2.9,True,0.0,1.0,,,,,4.0,0.0,,,,1.0,,,3.0,33.0,11.0,,,,True,FLA,estavel,2.9,3.19,0.68,1.0,4.441,0.328,neutro,0.452,16,Provável,3,4,1.176,1.273,1.125,1.0,3,0.7,53.3,0.225,0.563,0.398,56.0
87008,Léo Jardim,267,VAS,1,Goleiro,7,6.87,0.43,2.29,10,5.8,True,0.0,,1.0,,,,2.0,0.0,,,,,,,0.0,28.0,16.0,,,,False,REM,estavel,5.8,2.29,1.0,1.0,3.108,-0.065,neutro,0.452,16,Provável,12,18,1.333,1.125,0.8,0.824,-1,0.525,-25.0,0.4,0.4189,-0.286,45.7
105436,Carrascal,262,FLA,4,Meia,7,11.38,1.42,4.83,8,10.6,True,1.0,,8.0,1.0,2.0,7.0,12.0,1.0,,,,,,,0.0,,,,,,False,FLU,alta,10.6,3.58,0.741,1.0,4.55,0.092,neutro,0.4,61,Provável,4,3,1.125,1.0,1.176,1.273,1,0.65,-53.3,0.3,0.3723,-0.62,40.7
101727,Matheuzinho,264,COR,2,Lateral,7,9.83,-0.28,4.2,8,3.0,True,0.0,1.0,15.0,9.0,,2.0,7.0,0.0,3.0,,,,,,2.0,,,,,,True,PAL,estavel,3.0,3.45,0.821,1.0,4.957,-0.343,neutro,0.504,24,Provável,16,1,0.75,1.091,0.762,0.6,-2,0.225,-40.0,0.0,0.1518,-1.616,25.8
90768,Fabrício Bruno,283,CRU,3,Zagueiro,7,6.78,-1.26,2.38,10,0.0,True,0.0,2.0,6.0,3.0,2.0,4.0,4.0,0.0,,,,,,,2.0,,,,,,True,RBB,baixa,2.4,1.78,0.748,1.0,3.104,-0.085,neutro,0.458,27,Provável,19,9,1.333,0.9,1.2,1.2,-1,0.4,-6.7,0.825,0.6077,0.605,59.1
109401,Erick Pulga,265,BAH,5,Atacante,7,7.96,0.89,3.24,9,7.2,True,0.0,1.0,12.0,7.0,2.0,2.0,18.0,0.0,7.0,,2.0,,,,0.0,,,,,,False,MIR,alta,7.2,3.24,1.0,1.0,3.956,0.253,neutro,0.497,31,Provável,5,20,1.108,1.2,0.36,0.9,-1,0.5,41.7,0.85,0.7009,1.476,72.1
91772,David Duarte,265,BAH,3,Zagueiro,7,7.32,1.64,5.08,4,10.2,True,0.0,1.0,5.0,5.0,1.0,1.0,1.0,1.0,2.0,,,,,,1.0,,,,,,False,MIR,alta,10.2,2.83,0.557,0.5,4.366,1.067,valor_bom,0.298,49,Provável,5,20,1.108,1.2,0.36,0.9,-1,0.5,41.7,0.8,0.7891,1.504,72.6
113397,Cristian Olivera,265,BAH,5,Atacante,7,8.26,-0.92,5.54,9,3.1,True,1.0,1.0,12.0,10.0,8.0,4.0,21.0,1.0,5.0,,,,,,0.0,,,,,,False,MIR,baixa,3.1,4.1,0.74,1.0,5.174,1.342,valor_bom,0.626,2,Provável,5,20,1.108,1.2,0.36,0.9,-1,0.5,41.7,0.85,0.7009,1.476,72.1
104783,Acevedo,265,BAH,4,Meia,7,6.48,-0.41,4.09,8,3.1,True,0.0,3.0,21.0,21.0,1.0,1.0,11.0,0.0,,,,,,1.0,0.0,,,,,,False,MIR,estavel,3.1,4.09,1.0,1.0,4.18,1.261,valor_bom,0.645,2,Provável,5,20,1.108,1.2,0.36,0.9,-1,0.5,41.7,0.85,0.7009,1.51,72.6
98517,Jean Lucas,265,BAH,4,Meia,7,9.58,-0.46,5.61,9,2.7,True,2.0,1.0,12.0,11.0,2.0,5.0,9.0,2.0,1.0,,,,,,0.0,,,,,,False,MIR,estavel,2.7,3.39,0.604,1.0,4.98,1.044,valor_bom,0.52,25,Provável,5,20,1.108,1.2,0.36,0.9,-1,0.5,41.7,0.85,0.7009,1.51,72.6
105990,Santiago Mingo,265,BAH,3,Zagueiro,7,4.44,-1.3,2.48,9,-1.8,True,0.0,1.0,3.0,5.0,,,7.0,0.0,1.0,,,,1.0,,4.0,,,,,,False,MIR,baixa,2.5,1.15,0.464,1.0,2.489,0.392,neutro,0.561,11,Provável,5,20,1.108,1.2,0.36,0.9,-1,0.5,41.7,0.8,0.7891,1.504,72.6
106323,Caio Alexandre,265,BAH,4,Meia,7,4.37,-0.43,1.44,7,-0.1,True,0.0,1.0,6.0,8.0,,,9.0,0.0,,,,,,,0.0,,,,,,False,MIR,estavel,1.4,1.44,1.0,0.875,1.652,-0.431,neutro,0.331,86,Provável,5,20,1.108,1.2,0.36,0.9,-1,0.5,41.7,0.85,0.7009,1.51,72.6
97341,Rogério Ceni,265,BAH,6,Técnico,7,10.92,-0.72,6.03,9,3.82,True,0.0,,,,,,,0.0,,,,,,,0.0,,,,5.0,,False,MIR,baixa,3.8,6.03,1.0,1.0,6.196,0.489,neutro,0.567,8,Provável,5,20,1.108,1.2,0.36,0.9,-1,0.5,41.7,0.85,0.7009,1.435,71.5
72493,Alex Telles,263,BOT,2,Lateral,7,9.95,-0.93,4.89,8,1.5,True,0.0,1.0,13.0,9.0,,1.0,5.0,2.0,,,,1.0,,,1.0,,,,,,True,CFC,baixa,1.5,3.01,0.616,1.0,5.302,-0.032,neutro,0.533,19,Provável,10,7,1.013,0.947,0.727,0.8,2,0.7,0.0,0.05,0.3568,-0.613,40.8
77485,Carrillo,264,COR,4,Meia,7,5.07,0.0,1.6,6,0.0,False,0.0,2.0,9.0,15.0,,2.0,2.0,0.0,,,,,,,0.0,,,,,,True,PAL,estavel,1.6,1.6,1.0,0.75,1.736,-0.721,armadilha_leve,0.257,109,Provável,16,1,0.75,1.091,0.762,0.6,-2,0.225,-40.0,0.3,0.2696,-1.285,30.7
104191,Raul,263,BOT,1,Goleiro,7,4.96,0.8,3.4,5,5.0,True,0.0,1.0,,,,,2.0,0.0,,,,,,,0.0,20.0,9.0,,,,True,CFC,alta,5.0,3.4,1.0,0.625,3.077,0.655,valor_bom,0.388,20,Provável,10,7,1.013,0.947,0.727,0.8,2,0.7,0.0,0.05,0.3568,-0.581,41.3
107231,Danilo,263,BOT,4,Meia,7,14.3,-1.55,8.67,7,0.6,True,1.0,,7.0,7.0,1.0,2.0,3.0,5.0,,,,,,1.0,0.0,,,,,,True,CFC,baixa,0.6,4.38,0.505,0.875,6.324,1.344,valor_bom,0.387,66,Provável,10,7,1.013,0.947,0.727,0.8,2,0.7,0.0,0.3,0.4483,-0.127,48.1
111831,Matheus Martins,263,BOT,5,Atacante,7,7.26,1.4,3.75,8,9.1,True,0.0,1.0,5.0,4.0,3.0,2.0,7.0,2.0,,,,,,,0.0,,,,,,True,CFC,alta,9.1,1.75,0.467,1.0,4.256,0.767,valor_bom,0.586,10,Provável,10,7,1.013,0.947,0.727,0.8,2,0.7,0.0,0.3,0.4483,-0.115,48.3
98672,Savarino,266,FLU,4,Meia,7,8.82,-0.44,4.46,8,1.5,True,2.0,1.0,5.0,5.0,5.0,7.0,7.0,0.0,4.0,,,,,2.0,0.0,,,,,,True,FLA,estavel,1.5,3.21,0.72,1.0,4.365,0.613,valor_bom,0.495,32,Provável,3,4,1.176,1.273,1.125,1.0,3,0.7,53.3,0.475,0.6016,0.866,63.0
95799,Artur,276,SAO,5,Atacante,7,8.95,1.08,4.48,6,7.7,True,1.0,,2.0,3.0,4.0,2.0,9.0,1.0,1.0,,1.0,,,,0.0,,,,,,False,VIT,alta,7.7,2.31,0.516,0.75,4.641,0.628,valor_bom,0.389,53,Provável,2,14,0.933,1.429,0.8,0.771,2,0.525,-21.7,0.075,0.2944,-1.084,33.7
39850,Vagner Mancini,280,RBB,6,Técnico,7,8.97,0.2,5.65,10,9.22,True,0.0,,,,,,,0.0,,,,,,,0.0,,,,4.0,,False,CRU,estavel,9.2,5.65,1.0,1.0,5.505,0.466,neutro,0.614,3,Provável,9,19,1.2,1.2,1.333,0.9,2,0.55,6.7,0.675,0.5822,0.743,61.1
69140,Allan,263,BOT,4,Meia,7,5.28,0.99,2.23,7,5.7,True,0.0,3.0,12.0,10.0,,2.0,4.0,0.0,,,,,,,0.0,,,,,,True,CFC,alta,5.7,2.23,1.0,0.875,2.021,-0.52,armadilha_leve,0.335,84,Provável,10,7,1.013,0.947,0.727,0.8,2,0.7,0.0,0.3,0.4483,-0.127,48.1
94067,Matheus Fernandes,280,RBB,4,Meia,7,4.93,0.17,2.68,8,4.2,True,0.0,2.0,12.0,8.0,,8.0,3.0,0.0,1.0,,,,,,0.0,,,,,,False,CRU,estavel,4.2,2.68,1.0,1.0,2.259,-0.085,neutro,0.458,41,Provável,9,19,1.2,1.2,1.333,0.9,2,0.55,6.7,0.675,0.5822,0.741,61.1
94968,Juninho Capixaba,280,RBB,2,Lateral,7,14.44,-0.58,8.89,9,7.5,True,2.0,5.0,19.0,15.0,1.0,6.0,12.0,2.0,,,,,,1.0,4.0,,,,,,False,CRU,baixa,7.5,5.11,0.575,1.0,7.396,0.788,valor_bom,0.512,23,Provável,9,19,1.2,1.2,1.333,0.9,2,0.55,6.7,0.475,0.5073,0.123,51.8
105213,Sant Anna,280,RBB,2,Lateral,7,9.23,-0.37,9.0,3,5.0,True,1.0,,4.0,2.0,1.0,,1.0,0.0,1.0,,,,,,3.0,,,,,,False,CRU,estavel,5.0,4.33,0.481,0.375,6.61,1.571,valor_oculto,0.269,58,Provável,9,19,1.2,1.2,1.333,0.9,2,0.55,6.7,0.475,0.5073,0.123,51.8
78605,Gabriel,280,RBB,4,Meia,7,5.12,-0.85,2.68,8,3.0,True,0.0,4.0,9.0,7.0,2.0,2.0,6.0,1.0,,,,1.0,,,0.0,,,,,,False,CRU,baixa,3.0,2.06,0.769,1.0,2.259,-0.184,neutro,0.441,47,Provável,9,19,1.2,1.2,1.333,0.9,2,0.55,6.7,0.675,0.5822,0.741,61.1
110750,Gustavo Marques,280,RBB,3,Zagueiro,7,8.16,0.29,5.6,8,6.7,True,0.0,,12.0,5.0,2.0,3.0,7.0,0.0,,,,,,,4.0,,,,,,False,CRU,estavel,6.7,4.1,0.732,1.0,4.804,1.234,valor_bom,0.589,5,Provável,9,19,1.2,1.2,1.333,0.9,2,0.55,6.7,0.475,0.5073,0.107,51.6
111246,Alix Vinicius,280,RBB,3,Zagueiro,7,5.87,0.17,2.84,8,6.2,True,0.0,2.0,8.0,17.0,,1.0,,0.0,,,,,,,4.0,,,1.0,,,False,CRU,estavel,6.2,1.34,0.472,1.0,2.67,-0.157,neutro,0.455,30,Provável,9,19,1.2,1.2,1.333,0.9,2,0.55,6.7,0.475,0.5073,0.107,51.6
112886,Lucas Barbosa,280,RBB,5,Atacante,7,10.81,0.96,6.87,9,13.1,True,1.0,3.0,17.0,21.0,8.0,9.0,16.0,2.0,2.0,,,,,,0.0,,,,,,False,CRU,alta,13.1,4.54,0.661,1.0,5.878,1.355,valor_bom,0.544,20,Provável,9,19,1.2,1.2,1.333,0.9,2,0.55,6.7,0.675,0.5822,0.729,60.9
113157,Nathan Mendes,287,VIT,2,Lateral,7,5.36,-0.23,3.69,7,0.5,True,0.0,2.0,11.0,9.0,,,8.0,0.0,,,,,,,2.0,,,,,,True,SAO,estavel,0.5,2.83,0.767,0.875,3.409,0.124,neutro,0.557,13,Provável,14,2,0.8,0.771,0.933,1.429,1,0.45,21.7,0.5,0.5523,0.343,55.1
108133,Isidro Pitta,280,RBB,5,Atacante,7,5.17,0.17,2.28,9,8.0,True,0.0,1.0,1.0,10.0,3.0,8.0,3.0,2.0,5.0,1.0,,,,,0.0,,,,,,False,CRU,estavel,8.0,0.5,0.219,1.0,2.23,-0.393,neutro,0.431,42,Provável,9,19,1.2,1.2,1.333,0.9,2,0.55,6.7,0.675,0.5822,0.729,60.9
78248,Gustavo Henrique,264,COR,3,Zagueiro,7,8.82,0.6,3.15,7,4.2,True,0.0,2.0,9.0,8.0,2.0,5.0,5.0,0.0,,,,1.0,,,1.0,,,,,,True,PAL,alta,4.2,2.72,0.863,0.875,3.608,-0.282,neutro,0.358,40,Provável,16,1,0.75,1.091,0.762,0.6,-2,0.225,-40.0,0.0,0.1518,-1.654,25.2
39656,Alan Franco,282,CAM,4,Meia,7,5.13,-0.33,2.68,9,0.0,True,1.0,2.0,12.0,12.0,2.0,3.0,4.0,0.0,1.0,,,,,,0.0,,,,,,False,SAN,estavel,2.7,2.12,0.791,1.0,2.284,-0.162,neutro,0.445,44,Provável,8,15,1.0,0.667,0.769,0.75,2,0.7,-33.3,0.5,0.4648,-0.02,49.7
124239,Henry Mosquera,280,RBB,5,Atacante,7,6.27,0.07,4.16,10,6.5,True,2.0,1.0,10.0,8.0,6.0,11.0,9.0,0.0,5.0,,,,,,0.0,,,,,,False,CRU,estavel,6.5,3.16,0.76,1.0,3.277,0.17,neutro,0.523,28,Provável,9,19,1.2,1.2,1.333,0.9,2,0.55,6.7,0.675,0.5822,0.729,60.9
98909,Cuello,282,CAM,5,Atacante,7,9.34,-1.66,6.48,10,4.7,True,1.0,,18.0,9.0,2.0,7.0,13.0,2.0,10.0,,,,,2.0,0.0,,,,,,False,SAN,baixa,4.7,4.38,0.676,1.0,5.716,1.564,valor_oculto,0.612,5,Provável,8,15,1.0,0.667,0.769,0.75,2,0.7,-33.3,0.5,0.4648,-0.011,49.8
101002,Júnior Santos,263,BOT,5,Atacante,7,5.46,-0.57,3.1,5,3.6,True,0.0,1.0,3.0,3.0,2.0,,5.0,1.0,,,,,,,0.0,,,,,,True,CFC,baixa,3.6,1.5,0.484,0.625,2.53,-0.229,neutro,0.29,75,Provável,10,7,1.013,0.947,0.727,0.8,2,0.7,0.0,0.3,0.4483,-0.115,48.3
72460,Bernard,282,CAM,4,Meia,7,4.25,-1.02,2.01,7,1.0,True,0.0,,2.0,2.0,1.0,,5.0,1.0,,,,,,,0.0,,,,,,False,SAN,baixa,1.0,1.3,0.647,0.875,1.918,-0.074,neutro,0.395,63,Provável,8,15,1.0,0.667,0.769,0.75,2,0.7,-33.3,0.5,0.4648,-0.02,49.7
92087,Lyanco,282,CAM,3,Zagueiro,7,11.97,0.0,7.75,2,0.0,False,0.0,,3.0,1.0,,1.0,1.0,0.0,,,,,,,2.0,,,,,,False,SAN,estavel,7.8,4.75,0.613,0.25,4.757,0.073,neutro,0.099,73,Provável,8,15,1.0,0.667,0.769,0.75,2,0.7,-33.3,0.725,0.5237,0.189,52.8
105068,Reinier,282,CAM,4,Meia,7,4.13,-1.99,2.94,9,0.2,True,1.0,,2.0,6.0,4.0,3.0,4.0,1.0,,,,,,1.0,0.0,,,,,,False,SAN,baixa,0.2,1.83,0.622,1.0,2.421,0.54,valor_bom,0.586,10,Provável,8,15,1.0,0.667,0.769,0.75,2,0.7,-33.3,0.5,0.4648,-0.02,49.7
107554,Natanael,282,CAM,2,Lateral,7,11.01,1.18,9.1,3,12.4,True,2.0,,9.0,3.0,,1.0,4.0,0.0,1.0,,,,,,1.0,,,1.0,,,False,SAN,alta,12.4,4.77,0.524,0.375,6.638,0.981,valor_bom,0.226,62,Provável,8,15,1.0,0.667,0.769,0.75,2,0.7,-33.3,0.725,0.5237,0.203,53.0
91607,Rony,277,SAN,5,Atacante,7,5.53,0.0,2.13,7,0.0,False,0.0,3.0,7.0,12.0,1.0,2.0,17.0,0.0,3.0,,,,,,0.0,,,,,,True,CAM,estavel,2.1,2.13,1.0,0.875,2.154,-0.623,armadilha_leve,0.341,62,Provável,15,8,0.769,0.75,1.0,0.667,-1,0.4,33.3,0.3,0.4021,-0.405,43.9
100842,Ruan,282,CAM,3,Zagueiro,7,5.31,-1.02,3.36,9,1.1,True,0.0,4.0,9.0,10.0,,1.0,10.0,1.0,1.0,,,,,,2.0,,,,,,False,SAN,baixa,1.1,2.03,0.604,1.0,2.955,0.422,neutro,0.556,13,Provável,8,15,1.0,0.667,0.769,0.75,2,0.7,-33.3,0.725,0.5237,0.189,52.8
95556,Raniele,264,COR,4,Meia,7,8.15,0.44,3.84,7,5.9,True,0.0,3.0,18.0,13.0,,3.0,9.0,0.0,1.0,,,,,,0.0,,,,,,True,PAL,estavel,5.9,3.84,1.0,0.875,4.07,0.516,valor_bom,0.437,48,Provável,16,1,0.75,1.091,0.762,0.6,-2,0.225,-40.0,0.3,0.2696,-1.285,30.7
101574,Hugo Souza,264,COR,1,Goleiro,7,9.53,-0.18,4.35,8,1.6,True,0.0,1.0,,,,,1.0,0.0,,,,1.0,,,2.0,21.0,8.0,,,1.0,True,PAL,estavel,1.6,3.1,0.713,1.0,4.24,0.215,neutro,0.445,18,Provável,16,1,0.75,1.091,0.762,0.6,-2,0.225,-40.0,0.0,0.1518,-1.554,26.7
97642,Félix Torres,285,INT,3,Zagueiro,7,4.24,0.0,2.35,7,0.0,False,0.0,1.0,8.0,7.0,,2.0,2.0,0.0,,,,,,,1.0,,,,,,True,GRE,estavel,2.4,1.92,0.817,0.875,2.429,0.446,neutro,0.501,20,Provável,13,11,1.333,0.6,0.714,0.714,4,0.775,20.0,0.7,0.7039,1.081,66.2
117910,Breno Bidon,264,COR,4,Meia,7,9.43,0.19,3.58,8,3.5,True,0.0,1.0,7.0,9.0,,1.0,20.0,1.0,,,,,,1.0,0.0,,,,,,True,PAL,estavel,3.5,2.96,0.827,1.0,3.925,-0.048,neutro,0.416,53,Provável,16,1,0.75,1.091,0.762,0.6,-2,0.225,-40.0,0.3,0.2696,-1.285,30.7
117632,Garro,264,COR,4,Meia,2,10.88,0.25,4.45,9,4.4,True,3.0,1.0,3.0,4.0,6.0,4.0,19.0,0.0,1.0,,,,,1.0,0.0,,,,,,True,PAL,estavel,4.4,2.78,0.625,1.0,4.365,0.021,neutro,0.401,60,Dúvida,16,1,0.75,1.091,0.762,0.6,-2,0.225,-40.0,0.3,0.2696,-1.285,30.7
105531,Matheus Bidu,264,COR,2,Lateral,7,10.89,0.0,6.95,6,0.0,False,1.0,2.0,11.0,8.0,1.0,2.0,18.0,1.0,2.0,,,,,,1.0,,,,,,True,PAL,estavel,7.0,4.62,0.665,0.75,6.244,0.616,valor_bom,0.43,38,Provável,16,1,0.75,1.091,0.762,0.6,-2,0.225,-40.0,0.0,0.1518,-1.616,25.8
102340,Cacá,287,VIT,3,Zagueiro,7,5.22,-0.01,2.52,6,0.2,True,0.0,2.0,4.0,3.0,1.0,1.0,,0.0,,,,,,,2.0,,,,,,True,SAO,estavel,0.2,1.52,0.603,0.75,2.508,-0.015,neutro,0.36,39,Provável,14,2,0.8,0.771,0.933,1.429,1,0.45,21.7,0.5,0.5523,0.33,55.0
89275,William,283,CRU,2,Lateral,7,8.51,-0.9,3.57,8,2.4,True,0.0,1.0,13.0,9.0,3.0,1.0,3.0,0.0,1.0,,,,,,2.0,,,1.0,,,True,RBB,baixa,2.4,2.82,0.79,1.0,4.642,-0.165,neutro,0.545,17,Provável,19,9,1.333,0.9,1.2,1.2,-1,0.4,-6.7,0.825,0.6077,0.614,59.2
96610,Matheus Pereira,283,CRU,4,Meia,7,14.41,-0.37,5.4,9,4.9,True,1.0,5.0,6.0,25.0,4.0,10.0,35.0,2.0,2.0,,1.0,,,,0.0,,,,,,True,RBB,estavel,4.9,3.73,0.691,1.0,4.868,-0.247,neutro,0.338,81,Provável,19,9,1.333,0.9,1.2,1.2,-1,0.4,-6.7,0.175,0.392,-0.492,42.6
100742,Matheus Henrique,283,CRU,4,Meia,7,5.26,-0.04,1.9,10,0.5,True,0.0,1.0,8.0,4.0,,4.0,14.0,0.0,,,,1.0,,,0.0,,,,,,True,RBB,estavel,0.5,1.9,1.0,1.0,1.872,-0.671,armadilha_leve,0.356,75,Provável,19,9,1.333,0.9,1.2,1.2,-1,0.4,-6.7,0.175,0.392,-0.492,42.6
79701,Lucas Silva,283,CRU,4,Meia,2,4.02,-0.15,0.41,9,0.0,True,0.0,2.0,3.0,2.0,,1.0,2.0,0.0,,,,,,,0.0,,,,,,True,RBB,estavel,0.4,0.41,1.0,1.0,1.082,-0.835,armadilha_leve,0.269,105,Dúvida,19,9,1.333,0.9,1.2,1.2,-1,0.4,-6.7,0.175,0.392,-0.492,42.6
132264,Arroyo,283,CRU,5,Atacante,7,5.89,1.24,2.44,9,9.2,True,1.0,1.0,5.0,10.0,5.0,2.0,12.0,0.0,1.0,,,,,,0.0,,,,,,True,RBB,alta,9.2,1.88,0.77,1.0,2.315,-0.614,armadilha_leve,0.393,52,Provável,19,9,1.333,0.9,1.2,1.2,-1,0.4,-6.7,0.175,0.392,-0.469,43.0
83528,Léo Pereira,262,FLA,3,Zagueiro,7,9.9,-0.44,4.67,6,2.3,True,0.0,2.0,4.0,10.0,1.0,1.0,4.0,1.0,,,,,,,3.0,,,,,,False,FLU,estavel,2.3,2.17,0.465,0.75,4.292,0.125,neutro,0.325,47,Provável,4,3,1.125,1.0,1.176,1.273,1,0.65,-53.3,0.225,0.252,-1.158,32.6
84816,Varela,262,FLA,2,Lateral,7,8.32,-0.64,5.16,7,2.5,True,1.0,1.0,9.0,3.0,,2.0,4.0,0.0,1.0,,1.0,,,,3.0,,,,,,False,FLU,baixa,2.5,3.16,0.612,0.875,5.456,0.748,valor_bom,0.574,9,Provável,4,3,1.125,1.0,1.176,1.273,1,0.65,-53.3,0.225,0.252,-1.126,33.1
92854,Borré,285,INT,5,Atacante,7,6.37,-0.06,2.73,10,-0.2,True,0.0,,6.0,19.0,6.0,7.0,6.0,1.0,8.0,,1.0,,,,0.0,,,,,,True,GRE,estavel,2.7,1.93,0.707,1.0,3.633,0.477,neutro,0.57,13,Provável,13,11,1.333,0.6,0.714,0.714,4,0.775,20.0,0.675,0.6776,1.329,69.9
87863,Arrascaeta,262,FLA,4,Meia,7,15.77,-1.03,5.47,6,1.8,True,1.0,,4.0,4.0,1.0,6.0,4.0,1.0,,,1.0,,,2.0,0.0,,,,,,False,FLU,baixa,1.8,3.8,0.695,0.75,4.785,-0.599,armadilha_leve,0.228,120,Provável,4,3,1.125,1.0,1.176,1.273,1,0.65,-53.3,0.3,0.3723,-0.62,40.7
98873,Samuel Lino,262,FLA,5,Atacante,7,9.67,0.1,5.5,8,2.5,True,1.0,1.0,11.0,7.0,,4.0,13.0,2.0,1.0,,,,,,0.0,,,,,,False,FLU,estavel,2.5,2.88,0.524,1.0,5.131,0.91,valor_bom,0.531,27,Provável,4,3,1.125,1.0,1.176,1.273,1,0.65,-53.3,0.3,0.3723,-0.593,41.1
97867,Léo Ortiz,262,FLA,3,Zagueiro,7,9.24,-0.23,4.34,8,1.4,True,0.0,,6.0,4.0,,,2.0,1.0,1.0,,,,,1.0,3.0,,,,,,False,FLU,estavel,1.4,2.46,0.567,1.0,4.174,0.197,neutro,0.452,32,Provável,4,3,1.125,1.0,1.176,1.273,1,0.65,-53.3,0.225,0.252,-1.158,32.6
88393,Ayrton Lucas,262,FLA,2,Lateral,7,7.7,-0.58,3.04,5,1.2,True,0.0,,2.0,5.0,2.0,1.0,1.0,0.0,,,,,,,2.0,,,,,,False,FLU,baixa,1.2,1.84,0.605,0.625,4.686,0.224,neutro,0.38,46,Provável,4,3,1.125,1.0,1.176,1.273,1,0.65,-53.3,0.225,0.252,-1.126,33.1
96652,Allan,264,COR,4,Meia,7,2.85,0.0,0.88,6,0.0,False,0.0,2.0,4.0,4.0,1.0,1.0,7.0,0.0,,,,,,,0.0,,,1.0,,,True,PAL,estavel,0.9,0.88,1.0,0.75,0.837,-0.273,neutro,0.22,124,Provável,16,1,0.75,1.091,0.762,0.6,-2,0.225,-40.0,0.3,0.2696,-1.285,30.7
115914,Evertton Araújo,262,FLA,4,Meia,7,2.68,-0.06,0.52,5,0.8,True,0.0,,1.0,4.0,,6.0,1.0,0.0,,,,,,,0.0,,,1.0,,,False,FLU,estavel,0.8,0.52,1.0,0.625,0.696,-0.284,neutro,0.162,138,Provável,4,3,1.125,1.0,1.176,1.273,1,0.65,-53.3,0.3,0.3723,-0.62,40.7
78117,Everaldo,265,BAH,5,Atacante,7,7.06,-1.82,5.9,7,3.0,True,0.0,1.0,8.0,10.0,1.0,4.0,10.0,3.0,1.0,,,,,,0.0,,,,,,False,MIR,baixa,3.0,2.47,0.419,0.875,5.293,1.839,valor_oculto,0.656,1,Provável,5,20,1.108,1.2,0.36,0.9,-1,0.5,41.7,0.85,0.7009,1.476,72.1
78445,Renê,266,FLU,2,Lateral,7,9.78,0.0,7.2,6,0.0,False,2.0,,13.0,5.0,2.0,1.0,4.0,0.0,,,,,,,2.0,,,,,,True,FLA,estavel,7.2,4.53,0.629,0.75,6.351,1.104,valor_bom,0.487,28,Provável,3,4,1.176,1.273,1.125,1.0,3,0.7,53.3,0.225,0.563,0.395,55.9
99366,Luis Zubeldía,266,FLU,6,Técnico,7,10.11,-0.49,6.07,10,3.05,True,0.0,,,,,,,0.0,,,,,,,0.0,,,,6.0,,True,FLA,estavel,3.0,6.07,1.0,1.0,5.739,0.365,neutro,0.568,7,Provável,3,4,1.176,1.273,1.125,1.0,3,0.7,53.3,0.475,0.6016,0.856,62.8
73384,Samuel Xavier,266,FLU,2,Lateral,7,8.51,0.0,4.65,7,0.0,False,0.0,1.0,11.0,6.0,1.0,1.0,14.0,0.0,1.0,,,,,,2.0,,,,,,True,FLA,estavel,4.7,3.79,0.815,0.875,5.218,0.426,neutro,0.537,18,Provável,3,4,1.176,1.273,1.125,1.0,3,0.7,53.3,0.225,0.563,0.395,55.9
116447,Hércules,266,FLU,4,Meia,7,7.8,-0.66,5.13,8,3.6,True,0.0,1.0,11.0,14.0,1.0,4.0,3.0,3.0,1.0,,,,,,0.0,,,,,,True,FLA,baixa,3.6,3.25,0.634,1.0,4.7,1.315,valor_bom,0.603,6,Provável,3,4,1.176,1.273,1.125,1.0,3,0.7,53.3,0.475,0.6016,0.866,63.0
113034,Freytes,266,FLU,3,Zagueiro,7,4.88,-0.42,3.06,9,0.0,True,0.0,2.0,9.0,13.0,,3.0,5.0,0.0,,,,,,,3.0,,,,,,True,FLA,estavel,3.1,2.06,0.673,1.0,2.796,0.476,neutro,0.573,8,Provável,3,4,1.176,1.273,1.125,1.0,3,0.7,53.3,0.225,0.563,0.383,55.7
110759,John Kennedy,266,FLU,5,Atacante,7,10.42,0.49,7.09,9,11.0,True,0.0,,7.0,13.0,13.0,6.0,4.0,4.0,2.0,,,,,1.0,0.0,,,,,,True,FLA,estavel,11.0,3.53,0.498,1.0,5.994,1.56,valor_oculto,0.575,12,Provável,3,4,1.176,1.273,1.125,1.0,3,0.7,53.3,0.475,0.6016,0.851,62.8
132071,Serna,266,FLU,5,Atacante,7,6.08,-0.74,2.42,10,3.7,True,1.0,,5.0,6.0,3.0,4.0,8.0,0.0,2.0,,,,,1.0,0.0,,,,,,True,FLA,baixa,3.7,1.92,0.793,1.0,2.311,-0.693,armadilha_leve,0.38,55,Provável,3,4,1.176,1.273,1.125,1.0,3,0.7,53.3,0.475,0.6016,0.851,62.8
72018,Tiago Volpi,280,RBB,1,Goleiro,7,11.25,1.05,7.0,3,8.9,True,0.0,,,,,,,0.0,,,,,,,2.0,10.0,2.0,,,,False,CRU,alta,8.9,3.67,0.524,0.375,4.912,0.439,neutro,0.164,25,Provável,9,19,1.2,1.2,1.333,0.9,2,0.55,6.7,0.475,0.5073,0.134,52.0
88037,Luís Castro,284,GRE,6,Técnico,7,9.9,0.53,4.94,10,6.07,True,0.0,,,,,,,0.0,,,,,,,0.0,,,,3.0,,False,INT,alta,6.1,4.94,1.0,1.0,5.111,0.021,neutro,0.516,10,Provável,11,13,0.714,0.714,1.333,0.6,1,0.35,-20.0,0.675,0.4264,-0.166,47.5
63289,Edenílson,263,BOT,4,Meia,7,5.75,-0.79,2.43,7,0.6,True,1.0,1.0,2.0,5.0,1.0,1.0,3.0,1.0,,,,,,,0.0,,,,,,True,CFC,baixa,0.6,1.0,0.412,0.875,3.412,0.753,valor_bom,0.519,27,Provável,10,7,1.013,0.947,0.727,0.8,2,0.7,0.0,0.3,0.4483,-0.127,48.1
90532,Arthur Melo,284,GRE,4,Meia,7,8.55,-1.66,3.82,5,-1.0,True,0.0,1.0,9.0,3.0,,,15.0,0.0,,,,,,,0.0,,,,,,False,INT,baixa,3.8,3.82,1.0,0.625,4.097,0.412,neutro,0.299,95,Provável,11,13,0.714,0.714,1.333,0.6,1,0.35,-20.0,0.675,0.4264,-0.269,46.0
91908,Pavón,284,GRE,5,Atacante,7,6.11,-0.24,3.72,10,2.8,True,0.0,2.0,21.0,4.0,2.0,3.0,2.0,0.0,,,,,,1.0,0.0,,,,,,False,INT,estavel,2.8,3.72,1.0,1.0,3.033,-0.005,neutro,0.496,32,Provável,11,13,0.714,0.714,1.333,0.6,1,0.35,-20.0,0.675,0.4264,-0.252,46.2
102318,Caio Paulista,284,GRE,2,Lateral,7,5.86,0.0,3.58,4,0.0,False,0.0,,5.0,,,1.0,2.0,0.0,,,,,,,1.0,,,,,,False,INT,estavel,3.6,2.83,0.791,0.5,3.303,-0.277,neutro,0.282,54,Provável,11,13,0.714,0.714,1.333,0.6,1,0.35,-20.0,0.875,0.5386,0.276,54.1
111309,Gustavo Martins,284,GRE,3,Zagueiro,7,6.95,0.84,3.17,7,7.0,True,2.0,1.0,4.0,7.0,1.0,4.0,2.0,0.0,1.0,,,1.0,,,1.0,,,,,,False,INT,alta,7.0,1.31,0.413,0.875,3.617,0.402,neutro,0.455,30,Provável,11,13,0.714,0.714,1.333,0.6,1,0.35,-20.0,0.875,0.5386,0.262,53.9
105563,Carlos Vinícius,284,GRE,5,Atacante,7,15.97,-1.14,7.37,10,2.8,True,0.0,1.0,3.0,12.0,7.0,3.0,9.0,7.0,5.0,,,,,1.0,0.0,,,,,,False,INT,baixa,2.8,1.77,0.24,1.0,6.211,0.68,valor_bom,0.389,53,Provável,11,13,0.714,0.714,1.333,0.6,1,0.35,-20.0,0.675,0.4264,-0.252,46.2
109966,Monsalve,284,GRE,4,Meia,7,2.71,-0.02,0.25,6,0.7,True,0.0,1.0,,6.0,,1.0,7.0,0.0,,,,,,,0.0,,,,,,False,INT,estavel,0.7,0.25,1.0,0.75,0.567,-0.449,neutro,0.157,140,Provável,11,13,0.714,0.714,1.333,0.6,1,0.35,-20.0,0.675,0.4264,-0.269,46.0
70944,Bruno Henrique,285,INT,4,Meia,7,3.52,-0.4,0.89,8,-0.6,True,0.0,,3.0,8.0,1.0,3.0,3.0,0.0,1.0,,,,,,0.0,,,,,,True,GRE,estavel,0.9,0.89,1.0,1.0,0.848,-0.76,armadilha_leve,0.241,115,Provável,13,11,1.333,0.6,0.714,0.714,4,0.775,20.0,0.675,0.6776,1.359,70.4
125467,Viery,284,GRE,3,Zagueiro,7,4.53,1.2,2.65,7,7.3,True,0.0,2.0,7.0,9.0,,1.0,6.0,0.0,1.0,,,1.0,,,2.0,,,,,,False,INT,alta,7.3,1.79,0.675,0.875,2.569,0.426,neutro,0.496,21,Provável,11,13,0.714,0.714,1.333,0.6,1,0.35,-20.0,0.875,0.5386,0.262,53.9
90703,Matheuzinho,287,VIT,4,Meia,7,6.43,1.58,2.98,8,8.7,True,0.0,1.0,3.0,3.0,4.0,3.0,10.0,1.0,,,1.0,,,,0.0,,,,,,True,SAO,alta,8.7,2.35,0.789,1.0,3.625,0.684,valor_bom,0.564,14,Provável,14,2,0.8,0.771,0.933,1.429,1,0.45,21.7,0.075,0.3209,-0.953,35.7
142004,Amuzu,284,GRE,5,Atacante,7,9.04,1.55,5.5,9,10.6,True,2.0,,9.0,6.0,6.0,7.0,8.0,1.0,,,,,,1.0,0.0,,,,,,False,INT,alta,10.6,3.5,0.636,1.0,5.152,1.098,valor_bom,0.57,13,Provável,11,13,0.714,0.714,1.333,0.6,1,0.35,-20.0,0.675,0.4264,-0.252,46.2
72951,Mercado,285,INT,3,Zagueiro,7,7.52,1.15,5.17,7,9.4,True,0.0,2.0,12.0,6.0,1.0,1.0,4.0,1.0,,,,,,,2.0,,,,,,True,GRE,alta,9.4,3.46,0.669,0.875,4.551,1.191,valor_bom,0.53,16,Provável,13,11,1.333,0.6,0.714,0.714,4,0.775,20.0,0.7,0.7039,1.081,66.2
111690,Matheus Cunha,283,CRU,1,Goleiro,7,2.94,-1.9,2.35,6,-2.7,True,1.0,,,,,,,0.0,,,,,,,2.0,7.0,10.0,,,,True,RBB,baixa,2.4,0.0,0.0,0.75,2.65,1.369,valor_bom,0.676,2,Provável,19,9,1.333,0.9,1.2,1.2,-1,0.4,-6.7,0.825,0.6077,0.611,59.2
110510,Aguirre,285,INT,2,Lateral,7,5.65,-0.05,3.35,9,5.0,True,1.0,1.0,12.0,9.0,2.0,3.0,2.0,0.0,,,,,,,1.0,,,,,,True,GRE,estavel,5.0,2.46,0.734,1.0,3.262,-0.199,neutro,0.577,7,Provável,13,11,1.333,0.6,0.714,0.714,4,0.775,20.0,0.7,0.7039,1.084,66.3
107989,Carbonero,285,INT,5,Atacante,2,7.93,-0.22,4.02,10,0.7,True,1.0,2.0,4.0,6.0,7.0,10.0,18.0,1.0,4.0,,,,,,0.0,,,,,,True,GRE,estavel,0.7,2.72,0.677,1.0,4.35,0.644,valor_bom,0.549,19,Dúvida,13,11,1.333,0.6,0.714,0.714,4,0.775,20.0,0.675,0.6776,1.329,69.9
115479,Paulo Pezzolano,285,INT,6,Técnico,7,7.67,0.71,4.68,10,7.15,True,0.0,,,,,,,0.0,,,,,,,0.0,,,,3.0,,True,GRE,alta,7.2,4.68,1.0,1.0,4.636,0.245,neutro,0.604,5,Provável,13,11,1.333,0.6,0.714,0.714,4,0.775,20.0,0.675,0.6776,1.299,69.5
71684,Gustavo Gómez,275,PAL,3,Zagueiro,7,10.27,-1.14,4.75,9,0.0,True,1.0,,6.0,7.0,,5.0,2.0,2.0,2.0,,,,,,2.0,,,,,,False,COR,baixa,4.8,2.19,0.461,1.0,4.401,0.136,neutro,0.429,33,Provável,1,16,0.762,0.6,0.75,1.091,5,1.0,40.0,0.875,0.8207,1.66,74.9
99440,Baralhas,287,VIT,4,Meia,7,9.49,0.0,6.27,7,0.0,False,1.0,3.0,15.0,16.0,,4.0,10.0,2.0,,,,,,,0.0,,,,,,True,SAO,estavel,6.3,4.13,0.659,0.875,5.204,1.312,valor_bom,0.48,36,Provável,14,2,0.8,0.771,0.933,1.429,1,0.45,21.7,0.075,0.3209,-0.953,35.7
106202,Bruno Gomes,285,INT,4,Meia,7,6.59,-0.27,3.36,10,2.0,True,0.0,,16.0,6.0,,3.0,12.0,0.0,,,,,,1.0,0.0,,,,,,True,GRE,estavel,2.0,3.36,1.0,1.0,3.765,0.769,valor_bom,0.571,12,Provável,13,11,1.333,0.6,0.714,0.714,4,0.775,20.0,0.675,0.6776,1.359,70.4
71631,Weverton,284,GRE,1,Goleiro,7,8.86,2.62,4.0,10,15.9,True,1.0,1.0,,,,,2.0,0.0,,,,1.0,,,2.0,20.0,14.0,,,2.0,False,INT,alta,15.9,2.5,0.625,1.0,4.058,0.221,neutro,0.458,15,Provável,11,13,0.714,0.714,1.333,0.6,1,0.35,-20.0,0.875,0.5386,0.283,54.2
70592,Felipe Anderson,275,PAL,4,Meia,7,6.34,-0.36,2.09,7,1.3,True,0.0,,8.0,3.0,1.0,1.0,3.0,0.0,,,,,,,0.0,,,,,,False,COR,estavel,1.3,2.09,1.0,0.875,3.253,0.321,neutro,0.449,42,Provável,1,16,0.762,0.6,0.75,1.091,5,1.0,40.0,0.675,0.6395,1.112,66.7
105647,Maurício,275,PAL,4,Meia,7,6.95,0.21,3.16,9,3.1,True,1.0,1.0,5.0,11.0,2.0,7.0,9.0,1.0,2.0,,,,,,0.0,,,,,,False,COR,estavel,3.1,2.05,0.649,1.0,3.683,0.536,valor_bom,0.53,21,Provável,1,16,0.762,0.6,0.75,1.091,5,1.0,40.0,0.675,0.6395,1.112,66.7
110506,Abel Ferreira,275,PAL,6,Técnico,7,12.13,-0.09,6.64,10,5.04,True,0.0,,,,,,,0.0,,,,,,,0.0,,,,8.0,,False,COR,estavel,5.0,6.64,1.0,1.0,6.525,0.473,neutro,0.538,9,Provável,1,16,0.762,0.6,0.75,1.091,5,1.0,40.0,0.675,0.6395,1.077,66.2
93790,Marlon Freitas,275,PAL,4,Meia,7,7.03,-1.62,3.64,10,4.5,True,1.0,2.0,12.0,11.0,1.0,2.0,,2.0,1.0,,,,,,0.0,,,,,,False,COR,baixa,4.5,2.14,0.588,1.0,3.92,0.76,valor_bom,0.558,16,Provável,1,16,0.762,0.6,0.75,1.091,5,1.0,40.0,0.675,0.6395,1.112,66.7
104084,Carlos Miguel,275,PAL,1,Goleiro,7,7.71,0.1,4.1,10,4.7,True,0.0,2.0,,,,,8.0,0.0,,,,,,,2.0,30.0,10.0,,,,False,COR,estavel,4.7,3.1,0.756,1.0,4.113,0.607,valor_bom,0.533,7,Provável,1,16,0.762,0.6,0.75,1.091,5,1.0,40.0,0.875,0.8207,1.622,74.3
124526,Giay,275,PAL,2,Lateral,7,5.6,-0.72,3.36,9,-0.5,True,0.0,1.0,14.0,9.0,,,6.0,0.0,1.0,,,,,,2.0,,,,,,False,COR,baixa,3.4,2.69,0.801,1.0,3.268,-0.163,neutro,0.584,6,Provável,1,16,0.762,0.6,0.75,1.091,5,1.0,40.0,0.875,0.8207,1.655,74.8
113103,Flaco López,275,PAL,5,Atacante,7,14.49,0.48,6.47,10,6.4,True,2.0,,10.0,18.0,4.0,7.0,23.0,3.0,8.0,,,,,,0.0,,,,,,False,COR,estavel,6.4,3.07,0.474,1.0,5.711,0.447,neutro,0.394,51,Provável,1,16,0.762,0.6,0.75,1.091,5,1.0,40.0,0.675,0.6395,1.089,66.3
141451,Allan,275,PAL,4,Meia,7,13.27,0.13,6.23,10,4.0,True,0.0,2.0,17.0,11.0,6.0,2.0,19.0,3.0,1.0,,,,,,0.0,,,,,,False,COR,estavel,4.0,4.73,0.759,1.0,5.359,0.521,valor_bom,0.404,58,Provável,1,16,0.762,0.6,0.75,1.091,5,1.0,40.0,0.675,0.6395,1.112,66.7
97321,Alesson,2305,MIR,5,Atacante,7,8.23,-0.8,4.43,8,2.9,True,1.0,,12.0,5.0,3.0,2.0,12.0,0.0,3.0,,,,,1.0,0.0,,,,,,True,BAH,baixa,2.9,3.8,0.858,1.0,4.596,0.791,valor_bom,0.558,17,Provável,20,5,0.36,0.9,1.108,1.2,-5,0.0,-41.7,0.4,0.1893,-1.745,23.8
82775,Lucas Ramon,276,SAO,2,Lateral,7,11.27,-0.95,7.77,6,0.5,True,1.0,,16.0,2.0,1.0,2.0,11.0,0.0,1.0,,,,,,2.0,,,,,,False,VIT,baixa,0.5,5.94,0.764,0.75,6.595,0.854,valor_bom,0.439,34,Provável,2,14,0.933,1.429,0.8,0.771,2,0.525,-21.7,0.6,0.4852,0.015,50.2
97460,João Victor,2305,MIR,3,Zagueiro,7,4.53,-0.22,1.87,8,0.5,True,1.0,1.0,6.0,3.0,2.0,,1.0,0.0,,,,,,,0.0,,,,,,True,BAH,estavel,0.5,1.25,0.668,1.0,2.184,0.009,neutro,0.482,23,Provável,20,5,0.36,0.9,1.108,1.2,-5,0.0,-41.7,0.3,0.2009,-1.411,28.8
87742,Neto Moura,2305,MIR,4,Meia,7,4.0,0.0,1.82,6,0.0,False,0.0,2.0,5.0,6.0,1.0,5.0,4.0,0.0,,,,,,,0.0,,,,,,True,BAH,estavel,1.8,1.82,1.0,0.75,1.83,-0.017,neutro,0.343,79,Provável,20,5,0.36,0.9,1.108,1.2,-5,0.0,-41.7,0.4,0.1893,-1.806,22.9
97520,Shaylon,2305,MIR,4,Meia,7,4.62,-0.89,2.56,5,2.1,True,0.0,,3.0,3.0,1.0,,,1.0,,,,,,,0.0,,,,,,True,BAH,baixa,2.1,1.56,0.609,0.625,2.115,-0.073,neutro,0.286,99,Provável,20,5,0.36,0.9,1.108,1.2,-5,0.0,-41.7,0.4,0.1893,-1.806,22.9
104027,Rafael Guanaes,2305,MIR,6,Técnico,7,7.01,-0.07,3.9,8,3.95,True,0.0,,,,,,,0.0,,,,,,,0.0,,,,1.0,,True,BAH,estavel,4.0,3.9,1.0,1.0,4.24,0.18,neutro,0.605,4,Provável,20,5,0.36,0.9,1.108,1.2,-5,0.0,-41.7,0.4,0.1893,-1.549,26.8
105903,Aldo Filho,2305,MIR,4,Meia,7,4.94,0.56,2.56,7,6.5,True,1.0,3.0,9.0,10.0,2.0,2.0,3.0,0.0,1.0,,,,,,0.0,,,,,,True,BAH,alta,6.5,1.85,0.723,0.875,2.175,-0.181,neutro,0.385,67,Provável,20,5,0.36,0.9,1.108,1.2,-5,0.0,-41.7,0.4,0.1893,-1.806,22.9
98384,Negueba,2305,MIR,5,Atacante,7,8.19,0.0,5.35,7,0.0,False,0.0,3.0,14.0,3.0,2.0,5.0,12.0,1.0,,,,,,,0.0,,,,,,True,BAH,estavel,5.3,4.21,0.787,0.875,5.036,1.229,valor_bom,0.538,23,Provável,20,5,0.36,0.9,1.108,1.2,-5,0.0,-41.7,0.4,0.1893,-1.745,23.8
95466,Igor Vinícius,277,SAN,2,Lateral,2,9.18,0.0,6.05,6,0.0,False,1.0,2.0,14.0,8.0,1.0,,7.0,0.0,,,,,,,2.0,,,,,,True,CAM,estavel,6.0,4.22,0.698,0.75,5.858,0.819,valor_bom,0.479,30,Dúvida,15,8,0.769,0.75,1.0,0.667,-1,0.4,33.3,0.5,0.5763,0.46,56.9
84847,Luan Peres,277,SAN,3,Zagueiro,7,4.35,-0.72,2.06,8,0.9,True,0.0,,5.0,10.0,,,10.0,0.0,,,,,,,2.0,,,1.0,,,True,CAM,baixa,0.9,1.31,0.636,1.0,2.28,0.219,neutro,0.524,18,Provável,15,8,0.769,0.75,1.0,0.667,-1,0.4,33.3,0.5,0.5763,0.449,56.7
91866,Zé Ivaldo,277,SAN,3,Zagueiro,2,5.75,-0.57,1.9,4,-0.3,True,0.0,1.0,6.0,1.0,2.0,,3.0,0.0,,,,1.0,1.0,,0.0,,,,,,True,CAM,baixa,1.9,1.9,1.0,0.5,2.299,-0.503,armadilha_leve,0.2,57,Dúvida,15,8,0.769,0.75,1.0,0.667,-1,0.4,33.3,0.5,0.5763,0.449,56.7
84042,Tiquinho Soares,2305,MIR,5,Atacante,7,5.86,-0.01,2.1,5,2.8,True,0.0,1.0,3.0,5.0,2.0,4.0,6.0,0.0,1.0,,,,,,0.0,,,,,,True,BAH,estavel,2.8,2.1,1.0,0.625,2.146,-0.766,armadilha_leve,0.229,94,Provável,20,5,0.36,0.9,1.108,1.2,-5,0.0,-41.7,0.4,0.1893,-1.745,23.8
141754,Gabriel Bontempo,277,SAN,4,Meia,7,4.15,0.85,1.81,7,4.7,True,0.0,2.0,9.0,5.0,1.0,,3.0,0.0,,,,,,,0.0,,,,,,True,CAM,alta,4.7,1.81,1.0,0.875,1.825,-0.114,neutro,0.385,67,Provável,15,8,0.769,0.75,1.0,0.667,-1,0.4,33.3,0.3,0.4021,-0.427,43.6
102975,Escobar,277,SAN,2,Lateral,7,10.75,-1.02,8.5,5,6.3,True,1.0,2.0,18.0,6.0,,3.0,4.0,0.0,1.0,,,,,,2.0,,,,,,True,CAM,baixa,6.3,6.3,0.741,0.625,6.786,1.217,valor_bom,0.395,44,Provável,15,8,0.769,0.75,1.0,0.667,-1,0.4,33.3,0.5,0.5763,0.46,56.9
63008,Rafael Tolói,276,SAO,3,Zagueiro,7,7.79,0.79,4.57,3,4.5,True,0.0,2.0,7.0,5.0,1.0,,1.0,0.0,,,,,,,1.0,,,,,,False,VIT,alta,4.5,3.57,0.781,0.375,4.162,0.671,valor_bom,0.2,57,Provável,2,14,0.933,1.429,0.8,0.771,2,0.525,-21.7,0.6,0.4852,-0.002,50.0
101597,Ramon,287,VIT,2,Lateral,7,7.97,-0.01,5.22,8,2.6,True,0.0,1.0,11.0,16.0,2.0,2.0,8.0,1.0,,,,,,,3.0,,,,,,True,SAO,estavel,2.6,3.34,0.64,1.0,5.467,0.907,valor_bom,0.686,2,Provável,14,2,0.8,0.771,0.933,1.429,1,0.45,21.7,0.5,0.5523,0.343,55.1
87470,Thaciano,277,SAN,4,Meia,7,7.52,-0.25,3.76,7,4.6,True,0.0,1.0,4.0,2.0,,4.0,6.0,2.0,3.0,,,,,,0.0,,,,,,True,CAM,estavel,4.6,2.33,0.62,0.875,4.032,0.697,valor_bom,0.469,39,Provável,15,8,0.769,0.75,1.0,0.667,-1,0.4,33.3,0.3,0.4021,-0.427,43.6
104075,Sabino,276,SAO,3,Zagueiro,7,7.1,-0.95,4.83,9,-0.3,True,0.0,,16.0,15.0,1.0,1.0,8.0,1.0,,,,,,,2.0,,,,,,False,VIT,baixa,4.8,3.5,0.725,1.0,4.444,1.237,valor_bom,0.626,3,Provável,2,14,0.933,1.429,0.8,0.771,2,0.525,-21.7,0.6,0.4852,-0.002,50.0
89840,Calleri,276,SAO,5,Atacante,7,13.84,0.16,7.41,10,9.8,True,0.0,1.0,8.0,17.0,4.0,8.0,19.0,6.0,5.0,,,,,,0.0,,,,,,False,VIT,estavel,9.8,2.61,0.352,1.0,6.233,1.07,valor_bom,0.45,37,Provável,2,14,0.933,1.429,0.8,0.771,2,0.525,-21.7,0.075,0.2944,-1.084,33.7
80570,Wendell,276,SAO,2,Lateral,7,8.28,-2.15,4.86,5,-1.7,True,1.0,2.0,9.0,15.0,,1.0,3.0,0.0,,,,,,,2.0,,,,,,False,VIT,baixa,4.9,2.66,0.547,0.625,5.386,0.693,valor_bom,0.407,43,Provável,2,14,0.933,1.429,0.8,0.771,2,0.525,-21.7,0.6,0.4852,0.015,50.2
105300,Ferraresi,263,BOT,3,Zagueiro,7,6.06,-0.11,2.41,7,1.0,True,0.0,1.0,8.0,4.0,,2.0,1.0,0.0,,,,,,,1.0,,,,,,True,CFC,estavel,1.0,1.98,0.822,0.875,3.263,0.397,neutro,0.471,25,Provável,10,7,1.013,0.947,0.727,0.8,2,0.7,0.0,0.05,0.3568,-0.638,40.4
107873,Bobadilla,276,SAO,4,Meia,7,8.15,-1.18,3.89,9,-0.9,True,1.0,1.0,16.0,11.0,4.0,2.0,2.0,0.0,1.0,,,,,1.0,0.0,,,,,,False,VIT,baixa,3.9,3.33,0.856,1.0,4.069,0.514,valor_bom,0.499,30,Provável,2,14,0.933,1.429,0.8,0.771,2,0.525,-21.7,0.075,0.2944,-1.125,33.1
106294,Marcos Antônio,276,SAO,4,Meia,7,7.13,0.77,2.95,10,4.9,True,2.0,,11.0,10.0,1.0,1.0,8.0,0.0,1.0,,,,,,0.0,,,,,,False,VIT,alta,4.9,1.95,0.661,1.0,3.537,0.309,neutro,0.496,31,Provável,2,14,0.933,1.429,0.8,0.771,2,0.525,-21.7,0.075,0.2944,-1.125,33.1
71123,Thiago Mendes,267,VAS,4,Meia,7,7.5,-0.19,4.67,9,1.0,True,0.0,4.0,8.0,10.0,1.0,3.0,19.0,3.0,1.0,,,,,,0.0,,,,,,False,REM,estavel,1.0,3.0,0.642,1.0,4.482,1.189,valor_bom,0.598,7,Provável,12,18,1.333,1.125,0.8,0.824,-1,0.525,-25.0,0.9,0.6488,1.172,67.6
90309,David,267,VAS,5,Atacante,7,5.75,1.53,3.11,8,8.2,True,1.0,,1.0,5.0,1.0,2.0,3.0,2.0,4.0,,,,,,0.0,,,,,,False,REM,alta,8.2,0.48,0.154,1.0,2.642,-0.241,neutro,0.459,34,Provável,12,18,1.333,1.125,0.8,0.824,-1,0.525,-25.0,0.9,0.6488,1.148,67.2
93716,Paulo Henrique,267,VAS,2,Lateral,7,8.82,0.0,3.77,7,0.0,False,2.0,2.0,9.0,7.0,1.0,1.0,10.0,0.0,,,,,,,0.0,,,,,,False,REM,estavel,3.8,2.34,0.621,0.875,4.807,-0.119,neutro,0.477,31,Provável,12,18,1.333,1.125,0.8,0.824,-1,0.525,-25.0,0.4,0.4189,-0.31,45.4
72391,Fernando Diniz,264,COR,6,Técnico,7,7.85,0.0,4.19,3,0.0,False,0.0,,,,,,,0.0,,,,,,,0.0,,,,,,True,PAL,estavel,4.2,4.19,1.0,0.375,4.474,0.099,neutro,0.214,16,Provável,16,1,0.75,1.091,0.762,0.6,-2,0.225,-40.0,0.3,0.2696,-1.081,33.8
86686,Tchê Tchê,267,VAS,4,Meia,7,4.15,-1.18,1.81,7,0.5,True,0.0,1.0,2.0,6.0,1.0,3.0,2.0,1.0,1.0,,,,,,0.0,,,,,,False,REM,baixa,0.5,1.1,0.608,0.875,1.825,-0.114,neutro,0.385,67,Provável,12,18,1.333,1.125,0.8,0.824,-1,0.525,-25.0,0.9,0.6488,1.172,67.6
116706,Andrés Gómez,267,VAS,5,Atacante,7,11.64,-1.13,7.46,9,1.6,True,2.0,3.0,21.0,13.0,10.0,9.0,15.0,0.0,2.0,,,,,2.0,0.0,,,,,,False,REM,baixa,1.6,6.35,0.851,1.0,6.19,1.47,valor_bom,0.532,25,Provável,12,18,1.333,1.125,0.8,0.824,-1,0.525,-25.0,0.9,0.6488,1.148,67.2
101594,Hugo Moura,267,VAS,4,Meia,2,2.96,0.0,1.2,6,0.0,False,0.0,,4.0,2.0,,1.0,2.0,0.0,,,,,,,0.0,,,,,,False,REM,estavel,1.2,1.2,1.0,0.75,0.974,-0.213,neutro,0.247,112,Dúvida,12,18,1.333,1.125,0.8,0.824,-1,0.525,-25.0,0.9,0.6488,1.172,67.6
117330,Robert Renan,267,VAS,3,Zagueiro,7,5.08,0.46,1.49,10,3.0,True,0.0,,10.0,8.0,,1.0,3.0,0.0,,,,,,,0.0,,,,,,False,REM,estavel,3.0,1.49,1.0,1.0,1.938,-0.56,armadilha_leve,0.381,36,Provável,12,18,1.333,1.125,0.8,0.824,-1,0.525,-25.0,0.4,0.4189,-0.331,45.0
122485,Barros,267,VAS,4,Meia,2,10.37,0.37,7.52,8,3.7,True,0.0,1.0,18.0,12.0,,4.0,27.0,3.0,,,,,,,0.0,,,1.0,,,False,REM,estavel,3.7,5.64,0.75,1.0,5.895,1.805,valor_oculto,0.568,13,Dúvida,12,18,1.333,1.125,0.8,0.824,-1,0.525,-25.0,0.9,0.6488,1.172,67.6
83786,Neris,287,VIT,3,Zagueiro,7,3.08,0.0,1.5,1,0.0,False,0.0,,1.0,,,,,0.0,,,,,,,0.0,,,,,,True,SAO,estavel,1.5,1.5,1.0,0.125,1.727,0.485,neutro,0.07,76,Provável,14,2,0.8,0.771,0.933,1.429,1,0.45,21.7,0.5,0.5523,0.33,55.0
142279,Nuno Moreira,267,VAS,4,Meia,2,5.62,-0.49,2.62,10,1.3,True,0.0,1.0,8.0,7.0,2.0,5.0,6.0,1.0,1.0,,,,,,0.0,,,,,,False,REM,estavel,1.3,2.12,0.809,1.0,3.354,0.751,valor_bom,0.597,8,Dúvida,12,18,1.333,1.125,0.8,0.824,-1,0.525,-25.0,0.9,0.6488,1.172,67.6
112709,Kaiki Bruno,283,CRU,2,Lateral,7,10.88,-0.27,5.24,9,5.3,True,2.0,1.0,18.0,14.0,2.0,3.0,11.0,0.0,,,,,,,1.0,,,,,,True,RBB,estavel,5.3,3.8,0.725,1.0,5.463,-0.182,neutro,0.502,25,Provável,19,9,1.333,0.9,1.2,1.2,-1,0.4,-6.7,0.825,0.6077,0.614,59.2
92696,Renato Kayzer,287,VIT,5,Atacante,7,7.67,0.4,3.88,6,4.7,True,0.0,1.0,2.0,8.0,2.0,3.0,7.0,2.0,6.0,,,,,,0.0,,,,,,True,SAO,estavel,4.7,1.21,0.312,0.75,4.384,0.758,valor_bom,0.429,44,Provável,14,2,0.8,0.771,0.933,1.429,1,0.45,21.7,0.075,0.3209,-0.917,36.2
92180,Jair Ventura,287,VIT,6,Técnico,7,7.98,0.15,4.95,8,3.16,True,0.0,,,,,,,0.0,,,,,,,0.0,,,,3.0,,True,SAO,estavel,3.2,4.95,1.0,1.0,4.765,0.245,neutro,0.597,6,Provável,14,2,0.8,0.771,0.933,1.429,1,0.45,21.7,0.075,0.3209,-0.782,38.3
97653,Murilo,275,PAL,3,Zagueiro,7,7.08,0.2,3.8,8,1.7,True,1.0,,9.0,12.0,1.0,1.0,1.0,1.0,,,,,,,1.0,,,,,,False,COR,estavel,1.7,2.05,0.539,1.0,3.904,0.66,valor_bom,0.551,14,Provável,1,16,0.762,0.6,0.75,1.091,5,1.0,40.0,0.875,0.8207,1.66,74.9
85403,Danielzinho,276,SAO,4,Meia,7,7.17,0.0,3.6,8,0.0,False,1.0,,5.0,7.0,,3.0,14.0,1.0,,,1.0,,,,0.0,,,,,,False,VIT,estavel,3.6,2.35,0.653,1.0,3.935,0.723,valor_bom,0.549,17,Provável,2,14,0.933,1.429,0.8,0.771,2,0.525,-21.7,0.075,0.2944,-1.125,33.1
93411,Cantalapiedra,287,VIT,4,Meia,7,4.65,0.0,1.27,6,0.0,False,0.0,1.0,3.0,4.0,1.0,1.0,7.0,0.0,2.0,,,,,,0.0,,,,,,True,SAO,estavel,1.3,1.27,1.0,0.75,1.594,-0.651,armadilha_leve,0.257,109,Provável,14,2,0.8,0.771,0.933,1.429,1,0.45,21.7,0.075,0.3209,-0.953,35.7
104118,Lucas Arcanjo,287,VIT,1,Goleiro,7,9.19,0.88,6.1,6,5.5,True,0.0,1.0,,,,,,0.0,,,,1.0,,,2.0,22.0,7.0,,,1.0,True,SAO,alta,5.5,4.43,0.726,0.75,4.974,0.993,valor_bom,0.406,19,Provável,14,2,0.8,0.771,0.933,1.429,1,0.45,21.7,0.5,0.5523,0.348,55.2
92273,Odair Hellmann,293,CAP,6,Técnico,7,8.03,0.15,5.08,8,3.33,True,0.0,,,,,,,0.0,,,,,,,0.0,,,,4.0,,True,CHA,estavel,3.3,5.08,1.0,1.0,5.202,0.503,valor_bom,0.648,2,Provável,6,17,1.2,1.077,0.36,0.9,-2,0.45,68.9,0.55,0.6171,0.946,64.2
102796,Julimar,293,CAP,5,Atacante,7,8.09,1.51,5.17,8,9.6,True,1.0,1.0,6.0,9.0,1.0,5.0,4.0,3.0,1.0,,,,,,0.0,,,,,,True,CHA,alta,9.6,1.54,0.298,1.0,4.966,1.191,valor_bom,0.614,4,Provável,6,17,1.2,1.077,0.36,0.9,-2,0.45,68.9,0.55,0.6171,0.948,64.2
110668,Esquivel,293,CAP,2,Lateral,7,6.69,-0.14,4.42,6,4.2,True,2.0,,7.0,16.0,1.0,2.0,6.0,0.0,,,,,,,1.0,,,,,,True,CHA,estavel,4.2,2.25,0.509,0.75,3.702,-0.308,neutro,0.415,42,Provável,6,17,1.2,1.077,0.36,0.9,-2,0.45,68.9,0.95,0.8744,1.918,78.8
90031,Mendoza,293,CAP,5,Atacante,7,8.17,-0.36,4.97,8,2.3,True,0.0,,6.0,6.0,1.0,3.0,4.0,3.0,,,,,,1.0,0.0,,,,,,True,CHA,estavel,2.3,1.97,0.396,1.0,4.866,1.07,valor_bom,0.596,8,Provável,6,17,1.2,1.077,0.36,0.9,-2,0.45,68.9,0.55,0.6171,0.948,64.2
80129,Jadson,293,CAP,4,Meia,7,4.28,0.58,1.41,7,3.0,True,0.0,2.0,7.0,7.0,,,7.0,0.0,,,,,,,0.0,,,,,,True,CHA,alta,3.0,1.41,1.0,0.875,1.638,-0.393,neutro,0.335,84,Provável,6,17,1.2,1.077,0.36,0.9,-2,0.45,68.9,0.55,0.6171,0.967,64.5
113113,Benavídez,293,CAP,2,Lateral,7,6.72,0.11,4.4,8,2.0,True,2.0,1.0,9.0,9.0,1.0,1.0,7.0,0.0,1.0,,,,,,2.0,,,,,,True,CHA,estavel,2.0,2.4,0.545,1.0,3.782,-0.241,neutro,0.563,12,Provável,6,17,1.2,1.077,0.36,0.9,-2,0.45,68.9,0.95,0.8744,1.918,78.8
123869,Aguirre,293,CAP,3,Zagueiro,7,4.76,-0.57,2.73,7,-1.7,True,0.0,1.0,3.0,10.0,3.0,,4.0,0.0,,,,,,1.0,2.0,,,,,,True,CHA,baixa,2.7,1.87,0.685,0.875,2.607,0.337,neutro,0.479,24,Provável,6,17,1.2,1.077,0.36,0.9,-2,0.45,68.9,0.95,0.8744,1.926,78.9
125746,Dudu,293,CAP,4,Meia,7,2.47,0.05,2.49,7,1.2,True,0.0,,4.0,1.0,1.0,,5.0,1.0,,,,,,,0.0,,,,,,True,CHA,estavel,1.2,1.78,0.715,0.875,1.592,0.863,valor_bom,0.564,14,Provável,6,17,1.2,1.077,0.36,0.9,-2,0.45,68.9,0.55,0.6171,0.967,64.5
143193,Viveros,293,CAP,5,Atacante,7,10.45,-0.5,6.55,8,0.4,True,1.0,1.0,1.0,18.0,6.0,7.0,28.0,3.0,5.0,,2.0,,,,0.0,,,,,,True,CHA,estavel,0.4,2.92,0.446,1.0,5.656,1.225,valor_bom,0.541,21,Provável,6,17,1.2,1.077,0.36,0.9,-2,0.45,68.9,0.55,0.6171,0.948,64.2
71227,Maicon,294,CFC,3,Zagueiro,7,4.17,-0.19,2.34,9,-0.3,True,0.0,,6.0,3.0,,,2.0,0.0,,,,,,,3.0,,,1.0,,,False,BOT,estavel,2.3,1.34,0.573,1.0,2.415,0.474,neutro,0.579,7,Provável,7,10,0.727,0.8,1.013,0.947,2,0.525,0.0,0.05,0.3057,-0.891,36.6
82628,Tinga,294,CFC,2,Lateral,7,4.89,-0.37,2.33,6,0.0,True,0.0,,8.0,1.0,,1.0,3.0,0.0,,,,,,,0.0,,,,,,False,BOT,estavel,2.3,2.33,1.0,0.75,2.807,-0.197,neutro,0.431,37,Provável,7,10,0.727,0.8,1.013,0.947,2,0.525,0.0,0.05,0.3057,-0.863,37.1
84339,Bruno Melo,294,CFC,2,Lateral,7,6.44,0.91,4.17,9,7.2,True,1.0,1.0,11.0,7.0,,1.0,7.0,0.0,2.0,,,,,,3.0,,,,,,False,BOT,alta,7.2,2.61,0.626,1.0,3.697,-0.186,neutro,0.574,9,Provável,7,10,0.727,0.8,1.013,0.947,2,0.525,0.0,0.05,0.3057,-0.863,37.1
90302,Pedro Rocha,294,CFC,5,Atacante,7,6.93,0.03,3.77,10,1.7,True,0.0,1.0,4.0,13.0,5.0,11.0,13.0,2.0,7.0,,,,,,0.0,,,,,,False,BOT,estavel,1.7,2.17,0.576,1.0,4.211,0.836,valor_bom,0.608,7,Provável,7,10,0.727,0.8,1.013,0.947,2,0.525,0.0,0.95,0.5906,0.781,61.7
101405,Wallisson,294,CFC,4,Meia,7,4.52,-0.24,2.66,7,0.0,True,0.0,2.0,14.0,12.0,,1.0,5.0,0.0,1.0,,,,,,0.0,,,,,,False,BOT,estavel,2.7,2.66,1.0,0.875,2.221,0.097,neutro,0.43,49,Provável,7,10,0.727,0.8,1.013,0.947,2,0.525,0.0,0.95,0.5906,0.795,61.9
110708,Pedro Rangel,294,CFC,1,Goleiro,7,5.87,0.21,4.36,7,2.9,True,0.0,,,,,,2.0,0.0,,,,,,,3.0,15.0,5.0,,,,False,BOT,estavel,2.9,2.22,0.509,0.875,4.237,1.363,valor_bom,0.632,5,Provável,7,10,0.727,0.8,1.013,0.947,2,0.525,0.0,0.05,0.3057,-0.823,37.7
84626,Josué,294,CFC,4,Meia,7,5.61,0.97,2.76,9,6.5,True,3.0,1.0,4.0,8.0,1.0,5.0,10.0,0.0,,,,,,,0.0,,,1.0,,,False,BOT,alta,6.5,1.09,0.395,1.0,2.326,-0.351,neutro,0.415,55,Provável,7,10,0.727,0.8,1.013,0.947,2,0.525,0.0,0.95,0.5906,0.795,61.9
123648,Lucas Ronier,294,CFC,5,Atacante,7,11.05,-0.78,8.44,10,5.0,True,3.0,2.0,23.0,6.0,3.0,10.0,26.0,1.0,,,,,,2.0,0.0,,,,,,False,BOT,baixa,5.0,6.14,0.727,1.0,6.805,2.197,valor_oculto,0.616,3,Provável,7,10,0.727,0.8,1.013,0.947,2,0.525,0.0,0.95,0.5906,0.781,61.7
126977,Fernando Seabra,294,CFC,6,Técnico,7,7.53,0.33,5.18,10,4.37,True,0.0,,,,,,,0.0,,,,,,,0.0,,,,4.0,,False,BOT,estavel,4.4,5.18,1.0,1.0,4.913,0.453,neutro,0.652,1,Provável,7,10,0.727,0.8,1.013,0.947,2,0.525,0.0,0.95,0.5906,0.792,61.9
97878,Jacy,294,CFC,3,Zagueiro,7,5.56,0.45,4.37,9,5.2,True,0.0,1.0,13.0,4.0,,2.0,5.0,1.0,,,,,,,2.0,,,,,,False,BOT,estavel,5.2,3.04,0.696,1.0,3.49,0.877,valor_bom,0.628,2,Provável,7,10,0.727,0.8,1.013,0.947,2,0.525,0.0,0.05,0.3057,-0.891,36.6
104811,Sebastián Gómez,294,CFC,4,Meia,7,3.8,0.4,1.82,8,2.4,True,0.0,2.0,7.0,12.0,3.0,2.0,9.0,0.0,,,,,,,0.0,,,,,,False,BOT,estavel,2.4,1.82,1.0,1.0,1.829,0.109,neutro,0.481,35,Provável,7,10,0.727,0.8,1.013,0.947,2,0.525,0.0,0.95,0.5906,0.795,61.9
82730,Marcelo Rangel,364,REM,1,Goleiro,7,5.85,1.64,3.1,10,8.9,True,0.0,1.0,,,,,1.0,0.0,,,,,,,1.0,28.0,17.0,,,1.0,True,VAS,alta,8.9,2.6,0.839,1.0,3.558,0.732,valor_bom,0.608,6,Provável,18,12,0.8,0.824,1.333,1.125,1,0.35,25.0,0.125,0.3786,-0.477,42.8
97795,Marcelinho,364,REM,2,Lateral,7,5.24,1.22,3.77,7,10.8,True,0.0,,10.0,2.0,2.0,2.0,6.0,0.0,,,,,,,1.0,,,,,,True,VAS,alta,10.8,3.34,0.886,0.875,3.447,0.237,neutro,0.576,8,Provável,18,12,0.8,0.824,1.333,1.125,1,0.35,25.0,0.125,0.3786,-0.507,42.4
102911,Zé Ricardo,364,REM,4,Meia,7,4.6,0.0,3.5,9,0.0,False,0.0,3.0,21.0,15.0,2.0,2.0,7.0,0.0,,,,,,,0.0,,,,,,True,VAS,estavel,3.5,3.5,1.0,1.0,2.718,0.587,valor_bom,0.591,9,Provável,18,12,0.8,0.824,1.333,1.125,1,0.35,25.0,0.8,0.5529,0.551,58.3
70958,Jean Carlos,315,CHA,4,Meia,2,8.04,-0.14,4.54,9,1.6,True,2.0,,2.0,2.0,4.0,6.0,6.0,2.0,1.0,,,,,,0.0,,,,,,False,CAP,estavel,1.6,2.32,0.511,1.0,4.413,0.923,valor_bom,0.549,17,Dúvida,17,6,0.36,0.9,1.2,1.077,1,0.275,-68.9,0.3,0.1804,-1.864,22.0
68822,Rafael Santos,315,CHA,1,Goleiro,7,5.24,2.05,4.65,2,8.1,True,0.0,,,,,,,0.0,,,,,,,0.0,11.0,5.0,,,,False,CAP,alta,8.1,4.65,1.0,0.25,3.23,0.675,valor_bom,0.154,26,Provável,17,6,0.36,0.9,1.2,1.077,1,0.275,-68.9,0.225,0.1681,-1.477,27.8
95620,Bruno Leonardo,315,CHA,3,Zagueiro,7,2.8,-0.59,1.52,8,-0.9,True,0.0,1.0,5.0,5.0,1.0,,4.0,0.0,,,,1.0,,,1.0,,,,,,False,CAP,baixa,1.5,1.15,0.757,1.0,1.638,0.616,valor_bom,0.585,6,Provável,17,6,0.36,0.9,1.2,1.077,1,0.275,-68.9,0.225,0.1681,-1.573,26.4
71043,Léo Vieira,265,BAH,1,Goleiro,7,6.83,-0.77,5.79,9,3.2,True,0.0,1.0,,,,,3.0,0.0,,,,,,,2.0,42.0,13.0,,,,False,MIR,baixa,3.2,4.68,0.808,1.0,5.009,1.736,valor_oculto,0.733,1,Provável,5,20,1.108,1.2,0.36,0.9,-1,0.5,41.7,0.8,0.7891,1.472,72.1
105664,Walter Clar,315,CHA,2,Lateral,7,7.88,0.06,5.2,9,2.8,True,1.0,,5.0,4.0,3.0,3.0,1.0,3.0,,,,,,,1.0,,,,,,False,CAP,estavel,2.8,2.31,0.444,1.0,5.442,0.92,valor_bom,0.691,1,Provável,17,6,0.36,0.9,1.2,1.077,1,0.275,-68.9,0.225,0.1681,-1.536,27.0
97432,Victor Caetano,315,CHA,3,Zagueiro,7,3.47,0.0,2.0,5,0.0,False,0.0,1.0,8.0,5.0,,,1.0,0.0,,,,,,,0.0,,,,,,False,CAP,estavel,2.0,2.0,1.0,0.625,1.849,0.326,neutro,0.333,45,Provável,17,6,0.36,0.9,1.2,1.077,1,0.275,-68.9,0.225,0.1681,-1.573,26.4
109336,Rafael Carvalheira,315,CHA,4,Meia,7,4.93,0.0,2.54,8,0.0,False,0.0,1.0,9.0,11.0,,2.0,3.0,1.0,,,,,,,0.0,,,,,,False,CAP,estavel,2.5,1.92,0.756,1.0,2.189,-0.161,neutro,0.444,46,Provável,17,6,0.36,0.9,1.2,1.077,1,0.275,-68.9,0.3,0.1804,-1.864,22.0
101393,Eduardo Doma,315,CHA,3,Zagueiro,7,5.19,-0.23,3.9,9,4.7,True,0.0,1.0,13.0,7.0,1.0,5.0,1.0,1.0,,,,,,,1.0,,,,,,False,CAP,estavel,4.7,2.9,0.744,1.0,3.241,0.793,valor_bom,0.624,4,Provável,17,6,0.36,0.9,1.2,1.077,1,0.275,-68.9,0.225,0.1681,-1.573,26.4
68938,Giovanni Augusto,315,CHA,4,Meia,2,3.2,0.0,0.93,7,0.0,False,0.0,1.0,3.0,5.0,,,9.0,0.0,,,,,,,0.0,,,,,,False,CAP,estavel,0.9,0.93,1.0,0.875,0.864,-0.515,armadilha_leve,0.236,116,Dúvida,17,6,0.36,0.9,1.2,1.077,1,0.275,-68.9,0.3,0.1804,-1.864,22.0
97969,Marcos Vinícius,315,CHA,2,Lateral,7,3.91,0.5,2.8,3,4.5,True,1.0,2.0,1.0,4.0,,2.0,1.0,0.0,,,,,,1.0,0.0,,,,,,False,CAP,estavel,4.5,1.13,0.404,0.375,2.112,-0.207,neutro,0.203,66,Provável,17,6,0.36,0.9,1.2,1.077,1,0.275,-68.9,0.225,0.1681,-1.536,27.0
130843,Arthur Dias,293,CAP,3,Zagueiro,7,5.08,-1.2,3.32,7,0.0,True,0.0,2.0,10.0,4.0,,,3.0,0.0,1.0,,,,,,2.0,,,,,,True,CHA,baixa,3.3,2.46,0.741,0.875,2.882,0.462,neutro,0.496,21,Provável,6,17,1.2,1.077,0.36,0.9,-2,0.45,68.9,0.95,0.8744,1.926,78.9
104519,Camilo,315,CHA,4,Meia,7,5.41,1.09,2.98,8,6.3,True,0.0,2.0,16.0,16.0,1.0,3.0,6.0,0.0,,,,,,,0.0,,,,,,False,CAP,alta,6.3,2.98,1.0,1.0,2.409,-0.166,neutro,0.445,44,Provável,17,6,0.36,0.9,1.2,1.077,1,0.275,-68.9,0.3,0.1804,-1.864,22.0
123625,Ítalo,315,CHA,5,Atacante,7,3.03,0.25,1.99,9,1.8,True,0.0,,7.0,4.0,,5.0,8.0,0.0,4.0,,1.0,,,,0.0,,,,,,False,CAP,estavel,1.8,1.99,1.0,1.0,1.501,0.073,neutro,0.495,33,Provável,17,6,0.36,0.9,1.2,1.077,1,0.275,-68.9,0.3,0.1804,-1.801,23.0
110426,Bernabei,285,INT,2,Lateral,7,10.45,2.59,5.16,9,15.7,True,0.0,2.0,11.0,12.0,6.0,6.0,8.0,1.0,4.0,,,1.0,,1.0,2.0,,,,,,True,GRE,alta,15.7,3.83,0.742,1.0,5.421,-0.082,neutro,0.519,22,Provável,13,11,1.333,0.6,0.714,0.714,4,0.775,20.0,0.7,0.7039,1.084,66.3
99552,Rossi,262,FLA,1,Goleiro,7,7.48,-0.27,3.6,8,0.3,True,0.0,,,,,,2.0,0.0,,,,,,,3.0,16.0,8.0,,,,False,FLU,estavel,0.3,1.73,0.481,1.0,3.865,0.446,neutro,0.517,9,Provável,4,3,1.125,1.0,1.176,1.273,1,0.65,-53.3,0.225,0.252,-1.078,33.8
51772,Everton Ribeiro,265,BAH,4,Meia,7,10.16,1.23,5.54,5,8.9,True,2.0,,6.0,5.0,2.0,1.0,14.0,0.0,,,,,,,0.0,,,,,,False,MIR,alta,8.9,3.54,0.639,0.625,4.759,0.64,valor_bom,0.293,97,Provável,5,20,1.108,1.2,0.36,0.9,-1,0.5,41.7,0.85,0.7009,1.51,72.6
89274,Andreas Pereira,275,PAL,4,Meia,7,14.31,-0.94,7.07,10,2.6,True,8.0,2.0,12.0,13.0,3.0,5.0,6.0,1.0,,,,,,,0.0,,,,,,False,COR,baixa,2.6,2.57,0.364,1.0,5.826,0.805,valor_bom,0.407,57,Provável,1,16,0.762,0.6,0.75,1.091,5,1.0,40.0,0.675,0.6395,1.112,66.7
