atleta_id,nome,clube_id,clube,posicao_id,posicao,status_id,preco,variacao,media,jogos,pontos_rodada,entrou_em_campo,scout_CA,scout_DS,scout_FC,scout_FF,scout_FS,scout_A,scout_FD,scout_G,scout_I,scout_PP,scout_PS,scout_FT,scout_PC,scout_GC,scout_DE,scout_GS,scout_SG,scout_CV,scout_V,scout_DP
78850,Reinaldo,2305,MIR,2,Lateral,7,7.75,-0.3,0.54,8,0,True,3.0,3.0,8.0,4.0,4.0,,,,,,,,,,,,,,,
80287,Luciano,276,SAO,5,Atacante,7,14.33,1.15,4.71,10,0,True,2.0,6.0,15.0,7.0,17.0,1.0,4.0,3.0,4.0,1.0,1.0,,,,,,,,,
100652,Yuri Alberto,264,COR,5,Atacante,7,10.84,-0.68,2.68,8,0,True,1.0,2.0,9.0,4.0,9.0,,6.0,1.0,8.0,,,,,,,,,,,
39148,Hulk,282,CAM,5,Atacante,7,11.8,0.16,4.55,12,0,True,1.0,4.0,9.0,8.0,32.0,3.0,6.0,1.0,3.0,,,,,,,,,,,
144423,Nicolas Pontes,283,CRU,2,Lateral,6,1.0,0.0,0.0,0,0,False,,,,,,,,,,,,,,,,,,,,
141776,Gustavo Henrique,277,SAN,4,Meia,5,2.56,-0.13,1.57,6,0,True,3.0,7.0,8.0,1.0,7.0,,,,,,,,,,,,,,,
142049,Bruno Alves,283,CRU,3,Zagueiro,6,2.0,0.0,0.0,0,0,False,,,,,,,,,,,,,,,,,,,,
106104,Enamorado,284,GRE,5,Atacante,7,7.91,0.13,3.91,11,0,True,1.0,14.0,6.0,6.0,17.0,1.0,3.0,,2.0,,,1.0,,,,,,,,
147297,William Fernando,283,CRU,2,Lateral,6,1.0,0.0,0.0,0,0,False,,,,,,,,,,,,,,,,,,,,
89368,Braithwaite,284,GRE,5,Atacante,6,7.74,-0.95,0.68,5,0,True,,1.0,2.0,1.0,1.0,,1.0,,,,,,,,,,,,,
123649,Janderson,283,CRU,3,Zagueiro,6,1.0,0.0,0.0,0,0,False,,,,,,,,,,,,,,,,,,,,
146991,Rhuan Gabriel,283,CRU,4,Meia,6,1.39,0.0,1.2,1,0,False,,,1.0,,3.0,,,,,,,,,,,,,,,
115025,Miguelito,277,SAN,4,Meia,6,4.04,0.0,1.9,4,0,False,,3.0,2.0,4.0,1.0,,,,,,,,,,,,,,,
94583,Pedro,262,FLA,5,Atacante,7,16.98,-1.62,8.2,10,0,True,,8.0,7.0,3.0,14.0,3.0,4.0,5.0,2.0,,,1.0,,,,,,,,
142130,Marcelo Eráclito,283,CRU,1,Goleiro,6,1.0,0.0,0.0,0,0,False,,,,,,,,,,,,,,,,,,,,
103445,Kaio Jorge,283,CRU,5,Atacante,7,11.76,-0.27,4.26,7,0,True,,1.0,3.0,10.0,4.0,,3.0,2.0,4.0,,,,,,,,,,,
133673,Mateus Xavier,277,SAN,5,Atacante,6,2.0,0.0,0.0,0,0,False,,,,,,,,,,,,,,,,,,,,
128433,Johan Rojas,267,VAS,4,Meia,7,4.11,-0.47,1.73,10,0,True,1.0,2.0,7.0,4.0,3.0,1.0,4.0,,1.0,,,1.0,,,,,,,,
86292,Bolasie,315,CHA,5,Atacante,6,4.25,1.05,1.25,10,0,True,2.0,1.0,12.0,8.0,9.0,1.0,,,3.0,,1.0,,,,,,,,,
101908,Willian Machado,2305,MIR,3,Zagueiro,7,5.33,0.93,2.61,8,0,True,1.0,11.0,3.0,2.0,7.0,,1.0,,,,,,,,,,,,,
114802,Vitor Roque,275,PAL,5,Atacante,5,17.01,-0.98,7.6,7,0,True,1.0,8.0,6.0,4.0,19.0,,3.0,3.0,3.0,,1.0,1.0,,,,,,,,
147287,Kaiquy Luiz,283,CRU,3,Zagueiro,6,1.0,0.0,0.0,0,0,False,,,,,,,,,,,,,,,,,,,,
78946,Dória,276,SAO,3,Zagueiro,6,6.45,0.0,0.0,1,0,False,,,,,,,,,,,,,,,,,,,,
91639,Igor Cariús,2305,MIR,2,Lateral,6,2.94,0.0,1.0,1,0,False,,1.0,,,1.0,,,,,,,,1.0,,,,,,,
118655,Saldivia,267,VAS,3,Zagueiro,7,4.71,0.0,2.01,8,0,False,3.0,12.0,9.0,2.0,8.0,,1.0,,,,,,,1.0,,,,,,
108713,Galeano,2305,MIR,5,Atacante,6,5.54,0.0,1.74,7,0,False,,3.0,1.0,1.0,5.0,,4.0,,1.0,,,,,,,,,,,
126182,Paulinho,285,INT,4,Meia,6,4.71,0.38,2.6,11,0,True,4.0,16.0,17.0,4.0,14.0,,3.0,,1.0,,,,,,,,,,,
51413,Walter,2305,MIR,1,Goleiro,7,6.3,0.17,3.5,10,0,True,1.0,,,,,,,,,,,,1.0,,40.0,15.0,,,,
94514,Lucas Oliveira,2305,MIR,3,Zagueiro,7,6.61,2.7,4.63,3,0,True,2.0,5.0,,,1.0,,,1.0,1.0,,,,,,,,,,,
112367,Thalisson Gabriel,364,REM,3,Zagueiro,6,3.0,0.0,0.0,0,0,False,,,,,,,,,,,,,,,,,,,,
81121,Lucas Mugni,2305,MIR,4,Meia,6,7.0,0.0,0.0,0,0,False,,,,,,,,,,,,,,,,,,,,
145400,Cauê,280,RBB,2,Lateral,6,4.87,0.0,5.25,2,0,False,,3.0,2.0,2.0,,,,,,,,,,,,,1.0,,,
115986,Denilson,2305,MIR,4,Meia,6,4.29,0.24,1.28,4,0,True,,3.0,3.0,,3.0,,,,,,,,,,,,,,,
94154,Maycon,282,CAM,4,Meia,6,5.48,-0.42,2.12,5,0,True,,6.0,5.0,2.0,3.0,,,,,,,,,,,,,,,
133696,Wallace Davi,263,BOT,4,Meia,6,4.0,0.0,0.0,0,0,False,,,,,,,,,,,,,,,,,,,,
131516,JP Chermont,294,CFC,2,Lateral,6,5.45,0.0,4.33,7,0,False,,5.0,2.0,,2.0,1.0,2.0,,,,,,,,,,3.0,,,
130280,Phillipe Gabriel,267,VAS,1,Goleiro,6,1.0,0.0,0.0,0,0,False,,,,,,,,,,,,,,,,,,,,
147090,Kauã Pascini,282,CAM,2,Lateral,7,2.85,0.0,5.0,1,0,False,,,,,,,,,,,,,,,,,1.0,,,
130048,Noriega,284,GRE,3,Zagueiro,6,7.28,-1.12,4.62,9,0,True,2.0,12.0,14.0,2.0,8.0,1.0,1.0,1.0,,,,,,,,,2.0,,,
132412,Román Gómez,265,BAH,2,Lateral,6,8.47,0.0,7.1,2,0,False,,6.0,1.0,,1.0,,,,,,,,,,,,1.0,,,
141139,Mateus Iseppe,282,CAM,4,Meia,6,2.0,0.0,0.0,0,0,False,,,,,,,,,,,,,,,,,,,,
93988,Breno Lopes,294,CFC,5,Atacante,7,9.4,-0.1,4.89,11,0,True,2.0,6.0,8.0,3.0,10.0,,2.0,5.0,6.0,,,,,,,,,,,
146894,João Bom,315,CHA,5,Atacante,6,2.0,0.0,0.0,0,0,False,,,,,,,,,,,,,,,,,,,,
114040,Minda,282,CAM,5,Atacante,6,7.36,0.0,1.93,4,0,False,,1.0,,,4.0,,1.0,,,,,1.0,,,,,,,,
141131,Vitão,282,CAM,3,Zagueiro,6,1.0,0.0,0.0,0,0,False,,,,,,,,,,,,,,,,,,,,
106302,Preciado,282,CAM,2,Lateral,6,7.2,-0.75,4.0,7,0,True,1.0,9.0,8.0,3.0,11.0,,,,,,,,,,,,2.0,,,
141873,Jacaré,264,COR,2,Lateral,6,2.0,0.0,0.0,0,0,False,,,,,,,,,,,,,,,,,,,,
116034,Victor Hugo,282,CAM,4,Meia,7,7.27,0.34,4.33,12,0,True,,8.0,2.0,2.0,8.0,1.0,5.0,3.0,,,,,,,,,,,,
103183,Andrew,262,FLA,1,Goleiro,6,3.0,0.0,0.0,0,0,False,,,,,,,,,,,,,,,,,,,,
83433,Patrick,364,REM,4,Meia,7,3.99,-0.57,2.09,9,0,True,,10.0,5.0,3.0,8.0,,,,1.0,,,,1.0,,,,,,,
90061,Bruno Pacheco,315,CHA,2,Lateral,7,5.86,0.93,2.22,4,0,True,,5.0,2.0,,4.0,,,,,,,,,,,,,,,
70666,Marllon,364,REM,3,Zagueiro,7,5.65,-0.76,3.23,12,0,True,2.0,17.0,9.0,1.0,8.0,,,1.0,,,,,,,,,1.0,,,
102909,Luan,276,SAO,4,Meia,6,3.01,0.0,0.5,3,0,False,,1.0,,,,,,,,,,,,,,,,,,
106708,Igor Formiga,2305,MIR,2,Lateral,7,7.76,0.06,4.85,10,0,True,,19.0,17.0,8.0,3.0,,1.0,2.0,,,,,,,,,,,,
103388,Emmanuel Martínez,287,VIT,4,Meia,7,7.17,0.35,4.02,7,0,True,2.0,16.0,15.0,2.0,18.0,,,,,,,,,,,,,,,
100342,Léo Andrade,364,REM,3,Zagueiro,6,4.79,0.0,2.95,4,0,False,1.0,9.0,4.0,,1.0,,,,,,,,,,,,,,,
70449,Gabriel,287,VIT,1,Goleiro,6,5.6,0.0,2.2,2,0,False,,,,,1.0,,,,,,,,,,3.0,5.0,1.0,,,
89256,Gerson,283,CRU,4,Meia,7,9.71,1.25,3.74,11,0,True,2.0,16.0,10.0,1.0,21.0,1.0,5.0,,2.0,,,,,,,,,,,
91251,Rodrigues,2305,MIR,3,Zagueiro,6,4.11,0.0,2.0,1,0,False,,1.0,,,1.0,,,,,,,,,,,,,,,
105089,Tetê,284,GRE,5,Atacante,6,9.67,-0.23,3.86,10,0,True,,8.0,2.0,9.0,11.0,,3.0,1.0,,,,1.0,,,,,,,,
71536,Luiz Gustavo,293,CAP,4,Meia,7,5.61,-0.29,2.75,9,0,True,1.0,8.0,7.0,1.0,14.0,,,1.0,,,,,,,,,,,,
69208,Gabriel Paulista,264,COR,3,Zagueiro,7,10.43,-0.07,5.49,8,0,True,,9.0,9.0,8.0,5.0,,1.0,1.0,,,,,,,,,3.0,,,
95362,Cassierra,282,CAM,5,Atacante,6,4.83,-0.16,0.38,9,0,True,,,3.0,2.0,3.0,,1.0,,,,,,,,,,,,,
147864,Rafael Monti,364,REM,5,Atacante,6,3.56,0.0,0.0,1,0,False,,,,,,,,,,,,,,,,,,,,
146374,Gilberto,293,CAP,2,Lateral,6,7.09,0.0,8.8,2,0,False,,4.0,2.0,,2.0,,1.0,,,,,,,,,,2.0,,,
105157,Villagra,285,INT,4,Meia,7,6.32,0.72,2.43,7,0,True,1.0,7.0,10.0,3.0,9.0,,3.0,,,,,,,,,,,,,
141614,Paulinho,276,SAO,5,Atacante,5,2.0,0.0,0.0,0,0,False,,,,,,,,,,,,,,,,,,,,
110633,Gustavo,294,CFC,4,Meia,6,4.0,0.0,0.0,0,0,False,,,,,,,,,,,,,,,,,,,,
123689,Milans,264,COR,2,Lateral,7,8.96,0.71,6.03,3,0,True,,5.0,3.0,,3.0,,,,,,,,,,,,2.0,,,
147194,Bruninho,293,CAP,4,Meia,6,2.6,0.0,0.86,5,0,False,,1.0,2.0,,2.0,,2.0,,,,,,,,,,,,,
122554,Freitas,364,REM,4,Meia,6,1.0,0.0,0.0,0,0,False,,,,,,,,,,,,,,,,,,,,
105842,Edu,287,VIT,3,Zagueiro,5,4.13,0.0,1.5,1,0,False,,1.0,,,,,,,,,,,,,,,,,,
114308,Cufré,364,REM,2,Lateral,6,3.45,0.0,-0.3,1,0,False,,,1.0,,,,,,,,,,,,,,,,,
113125,Picco,364,REM,4,Meia,6,7.15,0.0,4.42,9,0,False,1.0,22.0,17.0,4.0,1.0,,1.0,1.0,,,,,,,,,,,,
142265,Dell,265,BAH,5,Atacante,6,1.82,0.0,0.65,4,0,False,,2.0,3.0,1.0,3.0,,1.0,,,,,,,,,,,1.0,,
89918,Everton Galdino,2305,MIR,5,Atacante,6,2.85,0.0,0.63,4,0,False,,,,1.0,1.0,,1.0,,,,,,,,,,,,,
146623,Luis Pacheco,275,PAL,4,Meia,6,2.54,0.0,0.0,1,0,False,,,,,,,,,,,,,,,,,,,,
86859,José Welison,364,REM,4,Meia,7,2.48,-0.58,1.18,9,0,True,3.0,7.0,10.0,5.0,4.0,,,,,,,,,,,,,,,
107859,Fintelman,287,VIT,1,Goleiro,6,2.0,0.0,0.0,0,0,False,,,,,,,,,,,,,,,,,,,,
97906,Riccieli,287,VIT,3,Zagueiro,6,4.85,0.0,3.5,2,0,False,,1.0,1.0,1.0,,,,,,,,,,,,,1.0,,,
110598,Marino Hinestroza,267,VAS,5,Atacante,6,6.24,0.0,2.25,7,0,False,,5.0,4.0,3.0,8.0,,,,,,,1.0,,,,,,,,
145436,Belé,275,PAL,5,Atacante,6,3.0,0.0,0.0,0,0,False,,,,,,,,,,,,,,,,,,,,
90370,Matheus Pereira,264,COR,4,Meia,6,3.55,-0.21,0.87,7,0,True,1.0,3.0,9.0,3.0,1.0,,2.0,,,,,,,,,,,,,
68952,Marinho,287,VIT,5,Atacante,2,5.91,0.0,1.8,2,0,False,,1.0,1.0,2.0,2.0,,,,2.0,,,,,,,,,,,
140496,Tiaguinho,284,GRE,4,Meia,6,1.0,0.0,0.0,0,0,False,,,,,,,,,,,,,,,,,,,,
107093,Luciano Juba,265,BAH,2,Lateral,7,10.79,-1.18,7.16,11,0,True,2.0,11.0,10.0,6.0,7.0,1.0,5.0,4.0,,1.0,,,,,,,4.0,,,
145404,Arthur,275,PAL,2,Lateral,7,3.97,0.6,3.43,8,0,True,,6.0,5.0,,5.0,,2.0,,,,,,,,,,3.0,,,
107075,Yuri Sena,287,VIT,1,Goleiro,6,1.0,0.0,0.0,0,0,False,,,,,,,,,,,,,,,,,,,,
141628,Pablo Lúcio,262,FLA,4,Meia,6,2.0,0.0,0.0,0,0,False,,,,,,,,,,,,,,,,,,,,
99789,Brenner,267,VAS,5,Atacante,6,7.97,0.46,3.34,8,0,True,1.0,3.0,1.0,3.0,7.0,,3.0,1.0,,,,2.0,,,,,,,,
101729,Fabinho,294,CFC,5,Atacante,5,1.51,0.0,-0.03,6,0,False,1.0,,4.0,1.0,,,1.0,,,,,,,,,,,,,
147088,Cissé,282,CAM,4,Meia,6,1.89,0.47,1.4,4,0,True,,2.0,,2.0,2.0,,,,,,,,,,,,,,,
87552,Vitor Bueno,364,REM,4,Meia,5,7.58,-2.46,4.7,8,0,True,,2.0,7.0,4.0,7.0,1.0,5.0,2.0,,,,1.0,,,,,,,,
141551,Índio,282,CAM,4,Meia,6,1.0,0.0,0.0,0,0,False,,,,,,,,,,,,,,,,,,,,
94930,Lucas Paquetá,262,FLA,4,Meia,5,15.61,1.35,6.54,9,0,True,1.0,14.0,16.0,6.0,23.0,,3.0,3.0,2.0,,,,,,,,,,,
124270,Allex,285,INT,4,Meia,7,2.66,0.89,3.0,2,0,True,,2.0,,1.0,2.0,,1.0,,,,,,,,,,,,,
104134,Fabri,287,VIT,5,Atacante,6,5.57,0.0,3.32,5,0,False,,3.0,2.0,1.0,3.0,1.0,2.0,,,,,1.0,,,,,,,,
130906,Riquelme,293,CAP,4,Meia,6,0.71,0.0,-0.3,1,0,False,,,1.0,,,,,,,,,,,,,,,,,
147202,João Bezerra,285,INT,5,Atacante,6,1.0,0.0,0.0,0,0,False,,,,,,,,,,,,,,,,,,,,
130847,Zé Breno,287,VIT,4,Meia,6,2.0,0.0,0.0,0,0,False,,,,,,,,,,,,,,,,,,,,
146632,Alisson,285,INT,2,Lateral,6,1.0,0.0,0.0,0,0,False,,,,,,,,,,,,,,,,,,,,
118844,Kaio César,264,COR,5,Atacante,2,9.89,-0.94,5.15,2,0,True,1.0,2.0,1.0,,5.0,1.0,1.0,,1.0,,,,,,,,,,,
142638,João Victor,285,INT,5,Atacante,6,1.0,0.0,0.0,0,0,False,,,,,,,,,,,,,,,,,,,,
141406,Andrey Fernandes,267,VAS,5,Atacante,6,1.41,0.0,1.7,1,0,False,,,,,1.0,,1.0,,,,,,,,,,,,,
147883,João Vitor,267,VAS,5,Atacante,6,1.18,0.0,0.67,3,0,False,,1.0,,,1.0,,,,,,,,,,,,,,,
130698,Kadu,263,BOT,2,Lateral,6,1.0,0.0,0.0,0,0,False,,,,,,,,,,,,,,,,,,,,
141615,Pedro Ferreira,276,SAO,4,Meia,6,1.04,0.0,0.5,1,0,False,,,,,1.0,,,,,,,,,,,,,,,
129666,JP,267,VAS,4,Meia,6,1.41,0.0,0.95,2,0,False,,1.0,3.0,1.0,1.0,,,,,,,,,,,,,,,
147782,Arthur Novaes,263,BOT,4,Meia,6,1.0,0.0,0.0,0,0,False,,,,,,,,,,,,,,,,,,,,
145036,Fernando Pradella,277,SAN,5,Atacante,6,0.82,0.0,0.0,1,0,False,,,,,,,,,,,,,,,,,,,,
142086,Kauan Toledo,263,BOT,5,Atacante,6,1.0,0.0,0.0,0,0,False,,,,,,,,,,,,,,,,,,,,
147788,Arthur Izaque,263,BOT,5,Atacante,6,1.0,0.0,0.0,0,0,False,,,,,,,,,,,,,,,,,,,,
101715,Alerrandro,285,INT,5,Atacante,7,5.74,-0.43,2.38,11,0,True,,4.0,4.0,7.0,9.0,,3.0,1.0,3.0,,,,,,,,,,,
108131,Garcez,315,CHA,5,Atacante,7,3.48,-0.56,1.27,4,0,True,,1.0,4.0,3.0,5.0,,,,1.0,,,,,,,,,,,
148103,Rafael Soares,364,REM,4,Meia,6,1.0,0.0,0.0,0,0,False,,,,,,,,,,,,,,,,,,,,
141126,Pedro Cobra,282,CAM,1,Goleiro,6,1.0,0.0,0.0,0,0,False,,,,,,,,,,,,,,,,,,,,
95550,Pedro Henrique,287,VIT,5,Atacante,6,3.0,0.0,0.0,0,0,False,,,,,,,,,,,,,,,,,,,,
90608,Chico da Costa,283,CRU,5,Atacante,6,4.47,0.0,1.76,5,0,False,,1.0,3.0,1.0,,1.0,2.0,,,,,,,,,,,,,
123738,Herrera,280,RBB,5,Atacante,6,4.89,0.0,2.8,8,0,False,3.0,8.0,11.0,4.0,4.0,,3.0,1.0,1.0,,,,,,,,,,,
112939,Catarozzi,364,REM,4,Meia,6,5.41,0.0,0.9,1,0,False,,1.0,2.0,,,,,,,,,,,,,,,,,
141991,Tico,364,REM,5,Atacante,6,1.0,0.0,0.0,0,0,False,,,,,,,,,,,,,,,,,,,,
148109,Filipe Lima,364,REM,5,Atacante,6,1.0,0.0,0.0,0,0,False,,,,,,,,,,,,,,,,,,,,
130438,Diego,285,INT,1,Goleiro,6,1.0,0.0,0.0,0,0,False,,,,,,,,,,,,,,,,,,,,
82407,Chico Kim,2305,MIR,4,Meia,6,4.0,0.0,0.0,0,0,False,,,,,,,,,,,,,,,,,,,,
99815,Arias,275,PAL,4,Meia,7,14.73,-1.26,7.4,8,0,True,3.0,19.0,10.0,5.0,8.0,,4.0,3.0,1.0,,,,,,,,,,,
122413,Pablo Baianinho,287,VIT,4,Meia,6,1.0,0.0,0.0,0,0,False,,,,,,,,,,,,,,,,,,,,
148152,Ararat,294,CFC,4,Meia,6,4.0,0.0,0.0,0,0,False,,,,,,,,,,,,,,,,,,,,
97911,Lucas Silva,287,VIT,5,Atacante,6,3.63,0.0,0.0,1,0,False,,,,,,,,,,,,,,,,,,,,
116065,Cuiabano,267,VAS,2,Lateral,7,13.07,-0.07,8.32,8,0,True,2.0,20.0,8.0,5.0,6.0,4.0,5.0,1.0,,,,,,,,,,,,
147546,Roger,284,GRE,4,Meia,6,1.5,0.0,1.2,2,0,False,,1.0,1.0,,,,1.0,,,,,,,,,,,,,
148124,Vinicius,315,CHA,3,Zagueiro,6,2.0,0.0,0.0,0,0,False,,,,,,,,,,,,,,,,,,,,
146410,Marquinhos,263,BOT,4,Meia,6,0.85,0.0,0.0,1,0,False,,,,,,,,,,,,,,,,,,,,
148215,Djhordney,276,SAO,4,Meia,6,0.64,0.0,-1.6,1,0,False,1.0,,2.0,,,,,,,,,,,,,,,,,
108162,Nardoni,284,GRE,4,Meia,2,7.16,0.15,2.44,9,0,True,1.0,8.0,11.0,3.0,8.0,,,1.0,1.0,,,,,,,,,,,
146430,Justino,263,BOT,3,Zagueiro,6,2.74,0.0,1.34,3,0,False,1.0,3.0,,,1.0,,,,,,,,,,,,,,,
127969,Matheus Reis,266,FLU,5,Atacante,5,1.0,0.0,0.0,0,0,False,,,,,,,,,,,,,,,,,,,,
93371,Rodrigo Rodrigues,294,CFC,5,Atacante,5,4.0,0.0,0.0,0,0,False,,,,,,,,,,,,,,,,,,,,
148206,Nadson,277,SAN,5,Atacante,6,1.0,0.0,0.0,0,0,False,,,,,,,,,,,,,,,,,,,,
143173,Leonel Pérez,284,GRE,4,Meia,2,4.42,-0.36,1.67,4,0,True,1.0,3.0,6.0,1.0,6.0,,1.0,,,,,,,,,,,,,
141165,Enzo Vagner,294,CFC,5,Atacante,6,1.04,0.0,0.5,1,0,False,,,1.0,1.0,,,,,,,,,,,,,,,,
110144,Spinelli,267,VAS,5,Atacante,2,5.81,0.32,2.41,7,0,True,,3.0,5.0,4.0,3.0,,1.0,1.0,,,,,,,,,,,,
104666,Moisés,277,SAN,5,Atacante,6,5.43,-1.45,3.51,8,0,True,,1.0,5.0,,5.0,1.0,3.0,2.0,,,1.0,,,,,,,,,
130393,Luiz Gustavo,265,BAH,3,Zagueiro,6,1.0,0.0,0.0,0,0,False,,,,,,,,,,,,,,,,,,,,
124386,Kainã,315,CHA,1,Goleiro,6,1.0,0.0,0.0,0,0,False,,,,,,,,,,,,,,,,,,,,
131763,Yuri Leles,280,RBB,4,Meia,6,2.0,0.0,0.0,0,0,False,,,,,,,,,,,,,,,,,,,,
131964,Jhoan Hernández,263,BOT,2,Lateral,6,3.69,0.0,0.0,1,0,False,,,,,,,,,,,,,,,,,,,,
132553,Jemmes,266,FLU,3,Zagueiro,7,6.66,-0.49,3.51,10,0,True,2.0,14.0,5.0,1.0,4.0,,,,1.0,,,,,,,,3.0,,,
109987,Medina,263,BOT,4,Meia,7,6.04,-0.29,1.7,5,0,True,1.0,5.0,7.0,2.0,9.0,,,,,,1.0,,,,,,,1.0,,
145563,João Ananias,277,SAN,3,Zagueiro,7,1.0,0.0,0.0,0,0,False,,,,,,,,,,,,,,,,,,,,
97899,Matheus Bahia,285,INT,2,Lateral,6,6.59,0.0,2.6,4,0,False,1.0,2.0,7.0,,1.0,,,,,,,,,,,,2.0,,,
133671,Gustavo Reis,280,RBB,1,Goleiro,6,1.0,0.0,0.0,0,0,False,,,,,,,,,,,,,,,,,,,,
141595,Gabriel Mec,284,GRE,5,Atacante,7,1.27,-0.08,0.7,9,0,True,2.0,3.0,6.0,2.0,8.0,,,,,,,,,,,,,,,
104036,Labyad,264,COR,4,Meia,6,4.59,-0.65,1.07,4,0,True,,2.0,,1.0,1.0,,,,,,,,,,,,,,,
92747,Eduardo Domínguez,282,CAM,6,Técnico,7,10.56,-0.19,5.53,8,0,True,,,,,,,,,,,,,,,,,,,4.0,
142261,Jeferson,284,GRE,5,Atacante,6,1.0,0.0,0.0,0,0,False,,,,,,,,,,,,,,,,,,,,
101807,Oliva,277,SAN,4,Meia,7,7.05,0.0,4.23,6,0,False,,12.0,10.0,3.0,6.0,1.0,,,,,,,,,,,,,,
126189,Tomás Pérez,282,CAM,4,Meia,7,3.82,0.0,1.63,6,0,False,1.0,7.0,9.0,1.0,2.0,,1.0,,,,,,,,,,,,,
139200,Pedro Kauã,285,INT,3,Zagueiro,6,1.0,0.0,0.0,0,0,False,,,,,,,,,,,,,,,,,,,,
142275,Luiz Felipe,262,FLA,4,Meia,6,1.0,0.0,0.0,0,0,False,,,,,,,,,,,,,,,,,,,,
147545,Jefinho,284,GRE,4,Meia,6,1.46,0.0,1.5,1,0,False,,1.0,,,,,,,,,,,,,,,,,,
147875,Daniel Silva,262,FLA,3,Zagueiro,6,1.0,0.0,0.0,0,0,False,,,,,,,,,,,,,,,,,,,,
124219,Millán,266,FLU,3,Zagueiro,6,6.0,0.0,0.0,0,0,False,,,,,,,,,,,,,,,,,,,,
93368,Lucas Veríssimo,277,SAN,3,Zagueiro,7,9.59,-1.55,5.42,5,0,True,1.0,8.0,7.0,2.0,1.0,,1.0,,1.0,,,,,,,,3.0,,,
143465,Keven Samuel,266,FLU,5,Atacante,6,1.0,0.0,0.0,0,0,False,,,,,,,,,,,,,,,,,,,,
93834,Keiller,294,CFC,1,Goleiro,6,4.0,0.0,0.0,0,0,False,,,,,,,,,,,,,,,,,,,,
88963,Leonardo Jardim,262,FLA,6,Técnico,7,13.81,0.24,7.3,8,0,True,,,,,,,,,,,,,,,,,,,6.0,
100804,Tchamba,364,REM,3,Zagueiro,7,3.68,-1.45,1.93,8,0,True,,11.0,6.0,1.0,2.0,,,,1.0,,,,,2.0,,,1.0,,,
37457,Léo Condé,364,REM,6,Técnico,7,7.62,-0.29,4.3,8,0,True,,,,,,,,,,,,,,,,,,,1.0,
116137,João Moreira,276,SAO,2,Lateral,6,4.0,0.0,0.0,0,0,False,,,,,,,,,,,,,,,,,,,,
41929,Renato Gaúcho,267,VAS,6,Técnico,7,10.39,0.44,5.32,8,0,True,,,,,,,,,,,,,,,,,,,4.0,
147268,Anderson Pato,287,VIT,5,Atacante,6,3.12,0.0,1.38,4,0,False,1.0,4.0,1.0,1.0,,,,,,,,,,,,,,,,
141400,Huguinho,263,BOT,4,Meia,6,3.0,0.0,0.0,0,0,False,,,,,,,,,,,,,,,,,,,,
79437,Roger Machado,276,SAO,6,Técnico,7,10.23,-0.12,4.65,8,0,True,,,,,,,,,,,,,,,,,,,3.0,
81720,Lingard,264,COR,5,Atacante,6,4.38,-0.1,0.45,4,0,True,1.0,1.0,4.0,1.0,1.0,,1.0,,,,,,,,,,,,,
124424,Rodrigo Castillo,266,FLU,5,Atacante,2,9.19,2.24,4.48,8,0,True,1.0,2.0,13.0,4.0,9.0,1.0,1.0,3.0,2.0,,,,,,,,,,,
121823,Kauê,264,COR,1,Goleiro,7,2.77,0.0,4.8,1,0,False,,,,,,,,,,,,,,,6.0,3.0,,,,
142260,Bernardo Zortea,284,GRE,4,Meia,6,1.11,0.0,0.5,2,0,False,,1.0,1.0,1.0,,,,,,,,,1.0,,,,,,,
71898,Gabriel Pires,2305,MIR,4,Meia,6,5.77,0.0,3.63,6,0,False,1.0,4.0,5.0,4.0,7.0,1.0,3.0,,,,,1.0,,,,,,,,
129661,Wendel,265,BAH,4,Meia,6,1.0,0.0,0.0,0,0,False,,,,,,,,,,,,,,,,,,,,
115537,Marcos Victor,265,BAH,3,Zagueiro,6,3.0,0.0,0.0,0,0,False,,,,,,,,,,,,,,,,,,,,
133690,Bruno Lopes,267,VAS,5,Atacante,6,1.0,0.0,0.0,0,0,False,,,,,,,,,,,,,,,,,,,,
140726,David Martins,265,BAH,4,Meia,6,0.72,0.0,-0.15,2,0,False,,,1.0,,,,,,,,,,,,,,,,,
141752,Caio Valle,263,BOT,4,Meia,6,1.0,0.0,0.0,0,0,False,,,,,,,,,,,,,,,,,,,,
141184,Walace Falcão,267,VAS,3,Zagueiro,6,1.0,0.0,0.0,0,0,False,,,,,,,,,,,,,,,,,,,,
145659,Nicolas,276,SAO,2,Lateral,6,2.79,0.0,5.0,1,0,False,,,,,,,,,,,,,,,,,1.0,,,
84268,Georgemy,2305,MIR,1,Goleiro,6,3.0,0.0,0.0,0,0,False,,,,,,,,,,,,,,,,,,,,
107871,Wermeson,315,CHA,4,Meia,6,2.0,0.0,0.0,0,0,False,,,,,,,,,,,,,,,,,,,,
148125,Ryan Augusto,280,RBB,2,Lateral,6,3.78,-0.57,3.7,5,0,True,,7.0,3.0,1.0,4.0,,1.0,,1.0,,,,,,,,1.0,,,
142257,Luis Eduardo,284,GRE,3,Zagueiro,6,2.0,0.0,0.0,0,0,False,,,,,,,,,,,,,,,,,,,,
95131,Gabriel Taliari,364,REM,5,Atacante,6,10.88,1.29,7.3,6,0,True,,5.0,9.0,5.0,13.0,,4.0,3.0,3.0,,,,,,,,,,,
130232,Caio Roque,263,BOT,2,Lateral,6,5.72,0.0,4.0,3,0,False,,4.0,,,2.0,1.0,,,,,,,,,,,,,,
122922,Wanderson Aranha,275,PAL,1,Goleiro,6,1.0,0.0,0.0,0,0,False,,,,,,,,,,,,,,,,,,,,
141594,Pedro Gabriel,284,GRE,2,Lateral,7,4.83,0.83,3.98,4,0,True,2.0,5.0,7.0,1.0,1.0,,1.0,,,,,,,,,,2.0,,,
42411,Cuca,277,SAN,6,Técnico,7,10.17,-0.83,5.92,5,0,True,,,,,,,,,,,,,,,,,,,2.0,
110605,Vinícius Balieiro,315,CHA,4,Meia,6,4.44,0.83,2.0,2,0,True,,2.0,,,2.0,,,,,,,,,,,,,,,
143153,Tarzia,287,VIT,5,Atacante,6,1.98,0.03,0.5,6,0,True,1.0,1.0,4.0,1.0,1.0,,2.0,,,,,,,,,,,,,
102877,Gabriel Poveda,364,REM,5,Atacante,7,3.39,-0.62,0.35,4,0,True,,1.0,2.0,,1.0,,,,,,,,,,,,,,,
107256,Zé Vitor,287,VIT,4,Meia,7,4.06,-0.35,2.12,4,0,True,,5.0,6.0,2.0,,,1.0,,,,,,,,,,,,,
147192,Claudinho,293,CAP,2,Lateral,6,1.0,0.0,0.0,0,0,False,,,,,,,,,,,,,,,,,,,,
123005,Sidney,265,BAH,4,Meia,6,1.0,0.0,0.0,0,0,False,,,,,,,,,,,,,,,,,,,,
127273,Artur Jorge,283,CRU,6,Técnico,7,13.05,0.34,7.21,4,0,True,,,,,,,,,,,,,,,,,,,3.0,
103347,Matheus Alexandre,364,REM,2,Lateral,6,5.52,-0.73,3.35,2,0,True,,1.0,2.0,1.0,,,,,,,,,,,,,1.0,,,
143252,Gean,287,VIT,2,Lateral,6,1.0,0.0,0.0,0,0,False,,,,,,,,,,,,,,,,,,,,
147560,Caio Suassuna,265,BAH,5,Atacante,6,2.0,0.0,0.0,0,0,False,,,,,,,,,,,,,,,,,,,,
149715,Rafael Gonzaga,277,SAN,2,Lateral,6,2.79,0.79,2.4,1,0,True,,2.0,2.0,,,,,,,,,,,,,,,,,
109573,Martinelli,266,FLU,4,Meia,6,5.25,0.0,1.97,11,0,False,3.0,8.0,18.0,6.0,7.0,1.0,4.0,,,,,,,,,,,,,
130209,Renê,287,VIT,5,Atacante,7,5.54,0.02,2.62,4,0,True,,3.0,2.0,1.0,7.0,,2.0,,1.0,,,,,,,,,,,
121811,Da Silva,315,CHA,4,Meia,6,3.0,0.0,0.0,0,0,False,,,,,,,,,,,,,,,,,,,,
123016,David Braga,364,REM,4,Meia,5,4.64,0.0,3.13,3,0,False,1.0,6.0,2.0,,4.0,,,,,,,,,,,,,,,
97905,Matheus Aurélio,315,CHA,1,Goleiro,6,2.0,0.0,0.0,0,0,False,,,,,,,,,,,,,,,,,,,,
130282,Anthony,263,BOT,3,Zagueiro,6,3.0,0.0,0.0,0,0,False,,,,,,,,,,,,,,,,,,,,
94034,Kevin Ramírez,315,CHA,5,Atacante,6,3.0,-0.19,0.85,2,0,True,,,,,1.0,,1.0,,,,,,,,,,,,,
147089,Cauã Soares,282,CAM,5,Atacante,6,1.59,0.0,1.7,1,0,False,,,,,1.0,,1.0,,,,,,,,,,,,,
141405,Avellar,267,VAS,2,Lateral,6,1.49,0.0,1.5,1,0,False,,1.0,,,,,,,,,,,,,,,,,,
124264,Kauan Jesus,285,INT,1,Goleiro,6,1.0,0.0,0.0,0,0,False,,,,,,,,,,,,,,,,,,,,
101820,Mayk,364,REM,2,Lateral,7,6.69,-0.04,3.8,4,0,True,,6.0,2.0,1.0,2.0,,,,,,,,,,,,1.0,,,
130309,Rodrigo Falcão,277,SAN,1,Goleiro,6,1.0,0.0,0.0,0,0,False,,,,,,,,,,,,,,,,,,,,
149991,David,294,CFC,5,Atacante,6,1.0,0.0,0.0,0,0,False,,,,,,,,,,,,,,,,,,,,
130399,Igor Felisberto,276,SAO,2,Lateral,6,1.0,0.0,0.0,0,0,False,,,,,,,,,,,,,,,,,,,,
149993,Iago Machado,264,COR,3,Zagueiro,6,1.0,0.0,0.0,0,0,False,,,,,,,,,,,,,,,,,,,,
85465,Alex Santana,264,COR,4,Meia,6,4.0,0.0,0.0,0,0,False,,,,,,,,,,,,,,,,,,,,
107771,Fábio Matias,315,CHA,6,Técnico,7,7.98,0.32,3.05,2,0,True,,,,,,,,,,,,,,,,,,,,
150197,Osorio,276,SAO,3,Zagueiro,6,1.0,0.0,0.0,0,0,False,,,,,,,,,,,,,,,,,,,,
149990,Franclim Carvalho,263,BOT,6,Técnico,7,13.9,1.07,6.82,2,0,True,,,,,,,,,,,,,,,,,,,1.0,
149994,Jhuan Nunes,280,RBB,5,Atacante,6,1.83,0.0,2.3,1,0,False,,1.0,,1.0,,,,,,,,,,,,,,,,
146701,Benjamin Arhin,285,INT,4,Meia,6,2.0,0.0,0.0,0,0,False,,,,,,,,,,,,,,,,,,,,
141795,Kauan Coutinho,287,VIT,3,Zagueiro,6,1.0,0.0,0.0,0,0,False,,,,,,,,,,,,,,,,,,,,
150757,Samuel Pierri,277,SAN,4,Meia,6,2.0,0.0,0.0,0,0,False,,,,,,,,,,,,,,,,,,,,
106593,Villalba,283,CRU,3,Zagueiro,6,6.84,0.19,2.31,8,0,False,1.0,7.0,10.0,2.0,3.0,,,,1.0,,,,1.0,,,,2.0,,,
132750,João Pedro,277,SAN,1,Goleiro,6,1.0,0.0,0.0,0,0,False,,,,,,,,,,,,,,,,,,,,
68685,Alan Patrick,285,INT,4,Meia,6,9.33,1.55,5.18,10,0,True,,8.0,5.0,9.0,18.0,,1.0,3.0,,,,,,,,,,,,
148717,Tetê,276,SAO,5,Atacante,6,0.66,0.0,-0.53,3,0,True,1.0,,2.0,,,,,,,,,,,,,,,,,
130233,Iuri,265,BAH,1,Goleiro,6,1.0,0.0,0.0,0,0,False,,,,,,,,,,,,,,,,,,,,
105048,Jajá,364,REM,5,Atacante,7,5.89,0.9,4.27,9,0,True,1.0,11.0,8.0,5.0,10.0,1.0,3.0,1.0,2.0,,,,,,,,,,,
126120,Marcelinho,280,RBB,4,Meia,2,3.11,-0.6,2.93,3,0,True,,1.0,3.0,2.0,1.0,1.0,1.0,,1.0,,,,,,,,,,,
130608,Riquelme Fillipi,275,PAL,5,Atacante,6,0.71,0.0,-0.3,1,0,False,,,1.0,,,,,,,,,,,,,,,,,
104502,Christian,283,CRU,4,Meia,7,10.22,0.21,6.56,12,0,True,,14.0,12.0,5.0,18.0,1.0,3.0,5.0,4.0,,,,,,,,,,,
92171,Arthur Cabral,263,BOT,5,Atacante,7,9.54,-1.39,5.8,8,0,True,,4.0,12.0,8.0,10.0,1.0,3.0,3.0,,,,,,,,,,,,
101254,Alef Manga,364,REM,5,Atacante,6,7.64,-1.03,4.68,12,0,True,1.0,9.0,7.0,11.0,8.0,3.0,6.0,2.0,13.0,1.0,,,,,,,,,,
103056,Gabriel Brazão,277,SAN,1,Goleiro,6,5.14,-1.81,2.78,11,0,True,2.0,,,,1.0,,1.0,,,,,,1.0,,26.0,17.0,3.0,,,
42234,Cássio,283,CRU,1,Goleiro,5,6.89,0.0,1.32,5,0,False,,,,,2.0,,,,,,,,,,12.0,10.0,,,,
69012,Santos,293,CAP,1,Goleiro,7,8.23,-1.01,3.81,10,0,True,,,,,,,,,,,,,,,27.0,12.0,3.0,,,
68928,Rafael,276,SAO,1,Goleiro,7,8.06,-0.29,3.96,12,0,True,,,,,1.0,,,,,,,,,,33.0,11.0,3.0,,,
105949,Rochet,285,INT,1,Goleiro,5,7.26,0.0,3.68,10,0,False,,2.0,,,1.0,,,,,,,,,,21.0,9.0,3.0,,,
63007,Neymar,277,SAN,4,Meia,6,19.84,-0.07,8.82,6,0,True,3.0,4.0,8.0,7.0,27.0,1.0,4.0,3.0,6.0,,,,,,,,,,,
72294,Everson,282,CAM,1,Goleiro,7,9.2,-0.58,4.81,12,0,True,,,,,4.0,1.0,,,,,,,,,39.0,15.0,3.0,,,
97810,Erick,287,VIT,5,Atacante,2,7.95,-0.87,4.05,10,0,True,1.0,2.0,3.0,5.0,17.0,2.0,5.0,1.0,1.0,,,1.0,,,,,,,,
104758,Enzo Díaz,276,SAO,2,Lateral,6,9.03,-0.03,4.49,9,0,True,3.0,21.0,17.0,2.0,11.0,1.0,,,1.0,,,,,,,,1.0,,,
61987,Alex Sandro,262,FLA,2,Lateral,7,9.58,0.53,4.04,8,0,True,1.0,8.0,10.0,1.0,7.0,,,,,,,,,,,,4.0,,,
87008,Léo Jardim,267,VAS,1,Goleiro,7,5.72,-0.54,1.96,12,0,True,1.0,1.0,1.0,,2.0,,,,,,,,,,31.0,18.0,,,,
37656,Fábio,266,FLU,1,Goleiro,7,9.57,-0.66,4.55,12,0,True,1.0,,,,4.0,,,,,,,,1.0,,42.0,15.0,3.0,,,
85425,João Paulo,265,BAH,1,Goleiro,6,6.19,0.0,1.7,1,0,False,,,,,1.0,,,,,,,,,,4.0,4.0,,,,
90768,Fabrício Bruno,283,CRU,3,Zagueiro,3,7.21,0.36,2.46,12,0,True,3.0,7.0,4.0,4.0,5.0,,2.0,,,,,,,,,,3.0,,,
100898,Vitinho,263,BOT,2,Lateral,7,10.93,0.79,5.87,10,0,True,2.0,27.0,12.0,1.0,10.0,2.0,,,,,,1.0,,,,,1.0,,,
80196,Yago Pikachu,364,REM,4,Meia,7,4.91,-0.02,1.76,11,0,True,,2.0,3.0,3.0,6.0,,5.0,1.0,,,1.0,,,,,,,1.0,,
99274,Alexander Barboza,263,BOT,3,Zagueiro,7,10.83,0.21,5.31,8,0,True,3.0,16.0,11.0,3.0,,2.0,2.0,1.0,,,,,,,,,1.0,1.0,,
101727,Matheuzinho,264,COR,2,Lateral,3,9.42,0.0,3.91,9,0,False,2.0,16.0,12.0,2.0,7.0,,,,3.0,,,,,,,,3.0,1.0,,
96591,Renan Lodi,282,CAM,2,Lateral,3,9.77,-0.41,4.65,12,0,True,2.0,15.0,23.0,7.0,27.0,1.0,3.0,,5.0,,,1.0,,,,,3.0,1.0,,
109401,Erick Pulga,265,BAH,5,Atacante,7,7.24,-0.62,3.3,11,0,True,1.0,13.0,8.0,2.0,23.0,,5.0,,9.0,,2.0,,,,,,,,,
105436,Carrascal,262,FLA,4,Meia,3,9.54,0.0,4.19,9,0,False,,9.0,3.0,7.0,12.0,1.0,3.0,1.0,,,,,,,,,,1.0,,
91101,Ronaldo,265,BAH,1,Goleiro,5,7.57,0.0,5.03,7,0,False,2.0,,,,1.0,,,,,,,,,,19.0,3.0,3.0,,,
68996,Willian José,265,BAH,5,Atacante,7,8.12,-0.17,2.46,10,0,True,,2.0,8.0,3.0,2.0,1.0,3.0,2.0,,1.0,,,,,,,,,,
113397,Cristian Olivera,265,BAH,5,Atacante,7,8.37,-0.15,5.34,11,0,True,1.0,12.0,10.0,4.0,28.0,1.0,10.0,1.0,6.0,,,1.0,,,,,,,,
104783,Acevedo,265,BAH,4,Meia,7,7.12,0.17,4.41,10,0,True,3.0,28.0,27.0,1.0,14.0,,2.0,,,,,1.0,,,,,,,,
98517,Jean Lucas,265,BAH,4,Meia,7,11.1,1.42,6.06,11,0,True,2.0,21.0,16.0,5.0,11.0,2.0,3.0,2.0,1.0,,,1.0,,,,,,,,
91772,David Duarte,265,BAH,3,Zagueiro,3,5.91,0.51,3.63,6,0,True,1.0,8.0,5.0,1.0,1.0,,1.0,1.0,2.0,,,,,1.0,,,1.0,,,
123717,Zé Guilherme,265,BAH,2,Lateral,6,3.0,0.0,0.0,0,0,False,,,,,,,,,,,,,,,,,,,,
105373,Gabriel Xavier,265,BAH,3,Zagueiro,7,7.1,0.0,4.5,5,0,False,1.0,5.0,1.0,1.0,1.0,,,,,,,,,,,,3.0,,,
80313,Gilberto,265,BAH,2,Lateral,6,6.45,-0.71,2.55,4,0,True,,3.0,2.0,1.0,1.0,1.0,,,,,,,,,,,,,,
105990,Santiago Mingo,265,BAH,3,Zagueiro,7,4.4,-0.23,2.09,11,0,True,1.0,3.0,6.0,,9.0,,,,1.0,,,,,1.0,,,4.0,,,
101314,Ademir,265,BAH,5,Atacante,6,5.64,-0.31,1.92,11,0,True,,5.0,5.0,2.0,16.0,,3.0,,2.0,,2.0,,,,,,,,,
107173,Michel Araújo,265,BAH,4,Meia,7,2.81,0.24,0.4,8,0,True,,3.0,4.0,2.0,3.0,,,,2.0,,,,,,,,,1.0,,
98022,Erick,265,BAH,4,Meia,6,5.71,0.0,3.27,9,0,False,1.0,9.0,13.0,2.0,8.0,,1.0,1.0,,,,2.0,,,,,,,,
77485,Carrillo,264,COR,4,Meia,2,5.16,0.55,1.55,8,0,True,2.0,11.0,19.0,2.0,4.0,,,,,,,,,,,,,,,
97868,Iago,265,BAH,2,Lateral,6,5.57,0.0,5.0,1,0,False,,,,,,,,,,,,,,,,,1.0,,,
123360,Cauly,276,SAO,4,Meia,7,6.07,0.0,2.64,8,0,False,,6.0,8.0,1.0,9.0,,1.0,1.0,,,,,,,,,,,,
106323,Caio Alexandre,265,BAH,4,Meia,7,3.96,-0.18,1.05,9,0,True,1.0,6.0,10.0,,9.0,,,,,,,,,,,,,,,
72493,Alex Telles,263,BOT,2,Lateral,7,10.36,0.41,4.9,9,0,True,1.0,13.0,9.0,1.0,5.0,1.0,,2.0,,,,,1.0,,,,1.0,,,
68806,Neto,263,BOT,1,Goleiro,7,8.29,-0.33,3.72,4,0,True,,,,,,,,,,,,,,,13.0,7.0,1.0,,,
97341,Rogério Ceni,265,BAH,6,Técnico,7,10.84,-0.35,5.82,11,0,True,,,,,,,,,,,,,,,,,,,6.0,
122994,Victor Nascimento,265,BAH,1,Goleiro,6,1.0,0.0,0.0,0,0,False,,,,,,,,,,,,,,,,,,,,
145379,Kauê Furquim,265,BAH,5,Atacante,6,2.0,0.0,0.0,0,0,False,,,,,,,,,,,,,,,,,,,,
98280,Bastos,263,BOT,3,Zagueiro,6,4.55,0.0,1.0,4,0,False,1.0,4.0,5.0,,1.0,,,,,,,,,,,,,,,
141419,Fredi Lippert,265,BAH,3,Zagueiro,6,2.0,0.0,0.0,0,0,False,,,,,,,,,,,,,,,,,,,,
111829,Kayky,285,INT,5,Atacante,6,3.98,-0.16,1.52,5,0,True,,2.0,,,2.0,,3.0,,,,,,,,,,,,,
136955,Sanabria,265,BAH,5,Atacante,6,6.25,-1.18,3.08,6,0,True,,,4.0,3.0,4.0,1.0,2.0,1.0,1.0,,,,,,,,,,,
129663,Ruan Pablo,265,BAH,5,Atacante,5,2.0,0.0,0.0,0,0,False,,,,,,,,,,,,,,,,,,,,
106822,Rodrigo Nestor,265,BAH,4,Meia,6,4.2,0.0,0.77,6,0,False,2.0,2.0,5.0,3.0,3.0,,1.0,,,,,,,,,,,,,
111831,Matheus Martins,263,BOT,5,Atacante,7,9.76,3.67,5.25,10,0,True,1.0,7.0,6.0,2.0,8.0,,6.0,4.0,,,,,,,,,,,,
97468,Marçal,263,BOT,2,Lateral,6,5.11,0.0,7.0,1,0,False,1.0,2.0,,,,,,,,,,,,,,,1.0,,,
96353,Joaquín Correa,263,BOT,5,Atacante,6,7.68,0.24,2.7,3,0,True,1.0,,,2.0,3.0,1.0,,,,,1.0,,,,,,,,,
107183,Léo Linck,263,BOT,1,Goleiro,6,6.0,0.0,0.0,0,0,False,,,,,,,,,,,,,,,,,,,,
104191,Raul,263,BOT,1,Goleiro,6,4.55,0.0,3.15,6,0,False,1.0,,,,2.0,,,,,,,,,,23.0,11.0,,,,
107231,Danilo,263,BOT,4,Meia,7,15.83,0.0,9.08,9,0,True,,10.0,7.0,5.0,3.0,2.0,2.0,6.0,,,,1.0,,,,,,,,
129930,Cristhian Loor,263,BOT,1,Goleiro,6,2.0,0.0,0.0,0,0,False,,,,,,,,,,,,,,,,,,,,
126013,Ythallo,263,BOT,3,Zagueiro,6,3.5,0.0,0.2,1,0,False,1.0,1.0,1.0,,,,,,,,,,,,,,,,,
98672,Savarino,266,FLU,4,Meia,7,10.29,0.24,5.38,10,0,True,1.0,5.0,5.0,7.0,9.0,2.0,6.0,2.0,5.0,,,2.0,,,,,,,,
108274,David Ricardo,263,BOT,3,Zagueiro,6,7.0,0.0,0.0,0,0,False,,,,,,,,,,,,,,,,,,,,
124481,Mateo Ponte,263,BOT,2,Lateral,6,5.42,0.0,2.35,4,0,False,1.0,3.0,2.0,,3.0,,,,,,,,,,,,1.0,,,
69140,Allan,263,BOT,4,Meia,6,4.7,-0.58,2.14,8,0,True,3.0,13.0,10.0,2.0,4.0,,,,,,,,,,,,,,,
104693,Newton,263,BOT,4,Meia,6,4.7,0.0,2.42,5,0,False,1.0,8.0,3.0,,4.0,,,,,,,,,,,,,,,
95799,Artur,276,SAO,5,Atacante,7,8.97,0.18,4.8,8,0,True,,7.0,3.0,4.0,9.0,1.0,6.0,1.0,1.0,,1.0,,,,,,,,,
105214,Santi Rodríguez,263,BOT,4,Meia,6,6.07,0.0,2.08,6,0,False,1.0,7.0,5.0,,9.0,,,,,,,,,,,,,,,
142877,Villalba,263,BOT,5,Atacante,6,5.05,0.0,2.78,5,0,False,1.0,5.0,2.0,,,,,1.0,,,,,,,,,,,,
103179,Chris Ramos,263,BOT,5,Atacante,6,7.09,0.0,1.6,1,0,False,,,,2.0,,,,,,,,,,,,,,,,
124757,Nathan Fernandes,263,BOT,5,Atacante,6,5.61,0.0,3.17,3,0,False,,2.0,,,3.0,1.0,,,,,,,,,,,,,,
39850,Vagner Mancini,280,RBB,6,Técnico,7,8.54,0.17,5.51,12,0,True,,,,,,,,,,,,,,,,,,,5.0,
142890,Montoro,263,BOT,4,Meia,6,8.43,0.0,4.1,8,0,False,1.0,5.0,6.0,3.0,13.0,3.0,1.0,,,,,1.0,,,,,,,,
91158,Kaio,263,BOT,3,Zagueiro,5,7.0,0.0,0.0,0,0,False,,,,,,,,,,,,,,,,,,,,
146375,Kadir,263,BOT,5,Atacante,6,4.46,-0.71,1.27,3,0,True,,2.0,4.0,,4.0,,,,,,,,,,,,,,,
100848,Luan Cândido,287,VIT,2,Lateral,7,6.82,1.22,4.4,4,0,True,,3.0,3.0,3.0,1.0,,1.0,,1.0,,,,,,,,2.0,,,
143072,Gabriel Abdias,263,BOT,2,Lateral,5,3.0,0.0,0.0,0,0,False,,,,,,,,,,,,,,,,,,,,
94968,Juninho Capixaba,280,RBB,2,Lateral,7,13.05,-1.16,7.85,11,0,True,5.0,22.0,20.0,9.0,14.0,2.0,1.0,2.0,1.0,,,1.0,,,,,4.0,,,
87225,Pedro Henrique,280,RBB,3,Zagueiro,2,6.85,-0.18,3.44,8,0,True,2.0,6.0,2.0,2.0,9.0,,,,,,,,,,,,3.0,,,
70360,Eduardo Sasha,280,RBB,5,Atacante,2,5.18,-0.21,1.86,8,0,True,,3.0,1.0,3.0,5.0,,5.0,,3.0,,,,,,,,,,,
93882,Cleiton,280,RBB,1,Goleiro,6,6.19,0.0,2.56,7,0,False,1.0,,,,,,,,,,,,,,13.0,8.0,2.0,,,
94067,Matheus Fernandes,280,RBB,4,Meia,7,5.18,0.62,2.82,10,0,True,2.0,12.0,12.0,9.0,5.0,1.0,1.0,,1.0,,,,,,,,,,,
142484,Barrera,263,BOT,4,Meia,6,4.55,-0.46,1.71,8,0,True,,4.0,8.0,1.0,3.0,,4.0,,,,,1.0,,,,,,,,
107170,Jeffinho,263,BOT,5,Atacante,6,5.0,0.0,0.0,0,0,False,,,,,,,,,,,,,,,,,,,,
100695,Fernando,280,RBB,5,Atacante,6,2.51,0.16,0.6,3,0,True,,,1.0,,2.0,,1.0,,1.0,,,,,,,,,,,
78605,Gabriel,280,RBB,4,Meia,7,5.75,0.76,3.0,10,0,True,4.0,13.0,10.0,2.0,8.0,,4.0,1.0,,,,,1.0,,,,,,,
105213,Sant Anna,280,RBB,2,Lateral,6,9.23,0.0,9.0,3,0,False,,4.0,2.0,,1.0,1.0,1.0,,1.0,,,,,,,,3.0,,,
108133,Isidro Pitta,280,RBB,5,Atacante,7,7.5,2.36,4.04,11,0,True,1.0,1.0,11.0,11.0,5.0,1.0,3.0,4.0,7.0,1.0,,,,,,,,,,
110750,Gustavo Marques,280,RBB,3,Zagueiro,7,6.97,-0.52,4.7,10,0,True,1.0,14.0,6.0,3.0,8.0,,2.0,,,,,,,,,,4.0,,,
106434,Eduardo Santos,280,RBB,3,Zagueiro,2,4.6,0.0,1.4,3,0,False,,1.0,1.0,,,,,,,,,1.0,,,,,,,,
78248,Gustavo Henrique,264,COR,3,Zagueiro,7,9.07,-0.17,3.71,9,0,True,2.0,10.0,12.0,5.0,7.0,,2.0,,,,,,1.0,,,,3.0,,,
111246,Alix Vinicius,280,RBB,3,Zagueiro,3,4.91,-0.23,2.43,10,0,True,3.0,8.0,22.0,2.0,4.0,,1.0,,,,,,,,,,4.0,1.0,,
107236,Vanderlan,280,RBB,2,Lateral,5,5.0,0.0,0.0,0,0,False,,,,,,,,,,,,,,,,,,,,
103295,Eric Ramires,280,RBB,4,Meia,6,2.75,0.0,0.45,6,0,False,,1.0,2.0,1.0,2.0,,,,,,,,,,,,,,,
113157,Nathan Mendes,287,VIT,2,Lateral,3,7.09,-0.5,5.03,9,0,True,3.0,15.0,11.0,,8.0,1.0,,,,,,,,,,,4.0,,,
132580,Vinicinho,280,RBB,5,Atacante,2,5.0,0.6,2.69,7,0,True,,8.0,1.0,,12.0,,1.0,,1.0,,,,,,,,,,,
104588,Fabrício,280,RBB,1,Goleiro,5,2.0,0.0,0.0,0,0,False,,,,,,,,,,,,,,,,,,,,
112886,Lucas Barbosa,280,RBB,5,Atacante,7,9.11,-0.31,6.04,11,0,True,3.0,17.0,24.0,10.0,21.0,1.0,10.0,2.0,4.0,,,,,,,,,,,
107744,Praxedes,280,RBB,4,Meia,6,4.0,0.0,0.0,0,0,False,,,,,,,,,,,,,,,,,,,,
111760,Fabinho,280,RBB,4,Meia,6,2.04,0.0,-0.08,5,0,False,,2.0,8.0,,4.0,,,,,,,,,,,,,1.0,,
122755,Lucas Cunha,280,RBB,3,Zagueiro,6,3.0,0.0,0.0,0,0,False,,,,,,,,,,,,,,,,,,,,
122897,Guzmán Rodríguez,280,RBB,3,Zagueiro,5,6.0,0.0,0.0,0,0,False,,,,,,,,,,,,,,,,,,,,
140906,Davi Gomes,280,RBB,5,Atacante,5,5.19,0.0,4.25,2,0,False,,1.0,,2.0,,,2.0,,,,,1.0,,,,,,,,
39656,Alan Franco,282,CAM,4,Meia,7,4.89,-0.68,2.44,11,0,True,2.0,15.0,18.0,3.0,4.0,1.0,2.0,,1.0,,,,,,,,,,,
138021,Palacios,280,RBB,3,Zagueiro,6,3.0,0.0,0.0,0,0,False,,,,,,,,,,,,,,,,,,,,
68920,Dudu,282,CAM,5,Atacante,6,7.15,0.65,2.91,11,0,True,,2.0,2.0,3.0,8.0,,6.0,2.0,,,,,,,,,,,,
122394,Gustavinho,280,RBB,4,Meia,6,6.19,0.0,3.38,9,0,False,1.0,13.0,14.0,1.0,5.0,,4.0,1.0,,,,,,,,,,,,
98909,Cuello,282,CAM,5,Atacante,7,9.52,0.38,6.21,12,0,True,,20.0,9.0,11.0,14.0,1.0,2.0,2.0,10.0,,,3.0,,,,,,,,
72605,Vitor Hugo,282,CAM,3,Zagueiro,6,7.17,0.0,3.0,3,0,False,1.0,2.0,1.0,1.0,3.0,,,,,,,,,,,,1.0,,,
88312,Junior Alonso,282,CAM,3,Zagueiro,6,6.04,0.0,3.32,6,0,False,1.0,9.0,3.0,1.0,5.0,,,,,,,,,,,,1.0,,,
92087,Lyanco,282,CAM,3,Zagueiro,7,9.28,-0.72,3.77,4,0,True,2.0,4.0,5.0,2.0,2.0,,,,,,,,,,,,2.0,,,
87999,Gustavo Scarpa,282,CAM,4,Meia,6,7.52,0.0,2.98,9,0,False,,2.0,1.0,4.0,5.0,1.0,2.0,1.0,,,,1.0,,,,,,,,
132274,Ignacio Sosa,280,RBB,4,Meia,2,3.75,0.37,1.3,9,0,True,4.0,7.0,11.0,1.0,13.0,,1.0,,,,,,,,,,,,,
124239,Henry Mosquera,280,RBB,5,Atacante,5,6.27,0.0,4.16,10,0,False,1.0,10.0,8.0,11.0,9.0,2.0,6.0,,5.0,,,,,,,,,,,
101002,Júnior Santos,263,BOT,5,Atacante,7,5.02,-0.44,2.78,6,0,True,1.0,3.0,3.0,,5.0,,3.0,1.0,,,,,,,,,,,,
103767,Gabriel Menino,277,SAN,4,Meia,6,9.21,0.0,5.24,7,0,False,2.0,13.0,5.0,4.0,12.0,,3.0,1.0,1.0,,,,,,,,,,,
105068,Reinier,282,CAM,4,Meia,7,4.41,-0.36,2.95,11,0,True,,4.0,6.0,4.0,6.0,1.0,5.0,1.0,,,,1.0,,,,,,,,
91607,Rony,277,SAN,5,Atacante,7,5.93,0.0,2.26,8,0,False,3.0,9.0,13.0,2.0,18.0,,1.0,,3.0,,,,,,,,,,,
100842,Ruan,282,CAM,3,Zagueiro,7,5.07,-0.8,3.15,11,0,True,4.0,12.0,12.0,1.0,11.0,,,1.0,1.0,,,,,,,,2.0,,,
118774,Alexsander,282,CAM,4,Meia,6,6.76,0.0,0.85,2,0,False,1.0,1.0,1.0,,3.0,,,,,,,,,,,,,,,
115674,Gabriel Delfim,282,CAM,1,Goleiro,6,2.0,0.0,0.0,0,0,False,,,,,,,,,,,,,,,,,,,,
72460,Bernard,282,CAM,4,Meia,6,3.81,-0.15,1.56,9,0,True,,2.0,2.0,,5.0,,1.0,1.0,,,,,,,,,,,,
107554,Natanael,282,CAM,2,Lateral,7,9.2,0.22,6.06,5,0,True,,10.0,6.0,2.0,5.0,2.0,1.0,,2.0,,,,,,,,1.0,1.0,,
95556,Raniele,264,COR,4,Meia,7,6.83,-0.85,3.16,9,0,True,4.0,21.0,21.0,3.0,10.0,,,,1.0,,,,,,,,,,,
100084,Igor Gomes,282,CAM,4,Meia,6,3.72,0.0,-0.14,5,0,False,1.0,,4.0,,3.0,,,,,,,,,,,,,,,
98484,Kanu,265,BAH,3,Zagueiro,6,4.67,0.0,3.4,1,0,False,1.0,,2.0,,,,,,,,,,,,,,1.0,,,
130889,Riquelme,284,GRE,4,Meia,6,4.0,0.0,0.0,0,0,False,,,,,,,,,,,,,,,,,,,,
110715,Andrés Hurtado,280,RBB,2,Lateral,7,5.25,-1.36,3.52,10,0,True,2.0,6.0,5.0,5.0,3.0,,1.0,1.0,,,,,,,,,3.0,,,
78435,Vitinho,264,COR,5,Atacante,2,4.49,0.0,1.77,6,0,False,,3.0,4.0,3.0,5.0,,2.0,,,,,,,,,,,,,
122990,Patrick,282,CAM,4,Meia,5,4.0,0.0,0.0,0,0,False,,,,,,,,,,,,,,,,,,,,
85048,Memphis Depay,264,COR,5,Atacante,6,9.81,0.0,2.15,6,0,False,,1.0,4.0,2.0,4.0,,1.0,1.0,2.0,,,,,,,,,,,
124661,Iván Román,282,CAM,3,Zagueiro,6,8.47,0.0,6.4,4,0,False,2.0,7.0,9.0,1.0,2.0,,,1.0,,,,,,,,,2.0,,,
97642,Félix Torres,285,INT,3,Zagueiro,7,3.86,-0.42,2.57,9,0,True,1.0,9.0,9.0,3.0,2.0,,,,,,,,,,,,2.0,,,
102340,Cacá,287,VIT,3,Zagueiro,7,6.9,-0.74,4.2,8,0,True,2.0,4.0,3.0,1.0,1.0,,1.0,1.0,,,,,,,,,4.0,,,
101574,Hugo Souza,264,COR,1,Goleiro,3,10.51,-0.42,5.13,10,0,True,1.0,,,,1.0,,,,,,,,1.0,,26.0,8.0,4.0,,,1.0
98720,Angileri,264,COR,2,Lateral,6,4.04,0.0,1.94,5,0,False,2.0,3.0,2.0,1.0,4.0,,,,,,,,,,,,1.0,,,
105531,Matheus Bidu,264,COR,2,Lateral,7,13.46,0.36,8.19,8,0,True,3.0,20.0,12.0,2.0,23.0,1.0,1.0,1.0,2.0,,,,,,,,3.0,,,
92440,André Ramalho,264,COR,3,Zagueiro,3,6.08,0.0,2.6,3,0,False,3.0,3.0,4.0,,5.0,,,,,,,,,,,,1.0,,,
121824,Kayke,264,COR,5,Atacante,5,3.64,-0.38,1.65,6,0,True,,5.0,1.0,,3.0,,1.0,,,,,,,,,,,,,
96342,Charles,264,COR,4,Meia,5,3.53,0.0,1.03,3,0,False,,2.0,1.0,,1.0,,,,1.0,,,,,,,,,,,
117632,Garro,264,COR,4,Meia,7,9.79,-0.39,3.75,11,0,True,2.0,3.0,4.0,5.0,22.0,3.0,6.0,,1.0,,,1.0,,,,,,,,
117910,Breno Bidon,264,COR,4,Meia,7,8.98,-0.27,3.39,10,0,True,1.0,9.0,10.0,1.0,25.0,,,1.0,,,,1.0,,,,,,,,
98225,Pedro Raul,264,COR,5,Atacante,6,3.06,0.0,0.1,5,0,False,,,4.0,1.0,2.0,,,,1.0,,,,,,,,,,,
131753,Felipe Longo,264,COR,1,Goleiro,6,2.0,0.0,0.0,0,0,False,,,,,,,,,,,,,,,,,,,,
107908,Hugo,264,COR,2,Lateral,5,4.0,0.0,0.0,0,0,False,,,,,,,,,,,,,,,,,,,,
42500,Fagner,283,CRU,2,Lateral,6,5.98,-0.31,3.08,8,0,True,1.0,8.0,8.0,,2.0,1.0,,,,,,,,,,,2.0,,,
79701,Lucas Silva,283,CRU,4,Meia,3,3.63,-0.57,0.37,11,0,True,3.0,4.0,5.0,2.0,2.0,,,,,,,,,,,,,,,
107179,Matheus Donelli,264,COR,1,Goleiro,6,3.0,0.0,0.0,0,0,False,,,,,,,,,,,,,,,,,,,,
127242,Bahia,264,COR,4,Meia,6,2.0,0.0,0.0,0,0,False,,,,,,,,,,,,,,,,,,,,
125488,João Pedro,264,COR,3,Zagueiro,6,8.84,0.0,7.7,2,0,False,1.0,2.0,3.0,1.0,1.0,,,1.0,,,,,,,,,1.0,,,
88479,Walace,283,CRU,4,Meia,6,4.0,0.0,0.0,0,0,False,,,,,,,,,,,,,,,,,,,,
133543,Gui Negão,264,COR,5,Atacante,6,3.97,0.0,1.35,4,0,False,,4.0,2.0,,,,,,,,,,,,,,,,,
96610,Matheus Pereira,283,CRU,4,Meia,3,15.06,0.47,5.9,11,0,True,6.0,9.0,29.0,14.0,42.0,2.0,6.0,2.0,3.0,,1.0,,,,,,,,,
84558,Lucas Romero,283,CRU,4,Meia,7,9.71,2.21,4.42,6,0,True,1.0,4.0,5.0,1.0,6.0,2.0,1.0,1.0,,,,,,,,,,,,
122396,Ryan,264,COR,4,Meia,6,3.0,0.0,0.0,0,0,False,,,,,,,,,,,,,,,,,,,,
89275,William,283,CRU,2,Lateral,6,8.51,0.0,3.57,8,0,False,1.0,13.0,9.0,1.0,3.0,,3.0,,1.0,,,,,,,,2.0,1.0,,
100742,Matheus Henrique,283,CRU,4,Meia,6,4.91,-0.35,1.66,12,0,True,1.0,9.0,6.0,4.0,14.0,,,,,,,,1.0,,,,,,,
88136,Ivan,364,REM,1,Goleiro,6,4.0,0.0,0.0,0,0,False,,,,,,,,,,,,,,,,,,,,
141995,Dieguinho,264,COR,4,Meia,6,3.18,0.0,0.73,4,0,False,,1.0,1.0,1.0,2.0,,,,1.0,,,,,,,,,,,
111690,Matheus Cunha,283,CRU,1,Goleiro,7,4.46,0.76,2.91,8,0,True,,,,,,1.0,,,,,,,,,11.0,11.0,3.0,,,
124912,Jonathan Jesus,283,CRU,3,Zagueiro,7,5.23,0.49,1.87,4,0,True,,1.0,,,2.0,,,,,,,,,,,,1.0,,,
143600,Kauã Moraes,283,CRU,2,Lateral,7,6.33,0.0,4.84,5,0,False,,3.0,7.0,1.0,6.0,1.0,,1.0,,,,,,,,,1.0,,,
132264,Arroyo,283,CRU,5,Atacante,7,5.7,0.93,2.68,11,0,True,1.0,6.0,12.0,6.0,14.0,1.0,7.0,,1.0,,,,,,,,,,,
93478,Wanderson,283,CRU,5,Atacante,6,3.94,-0.24,1.26,11,0,True,,1.0,7.0,5.0,3.0,,1.0,1.0,2.0,,,,,,,,,,,
105047,João Marcelo,283,CRU,3,Zagueiro,7,3.75,0.0,0.9,3,0,False,,2.0,1.0,,,,,,,,,,,,,,,,,
113158,Marquinhos,283,CRU,5,Atacante,5,4.0,0.0,0.0,0,0,False,,,,,,,,,,,,,,,,,,,,
114405,Sinisterra,283,CRU,5,Atacante,5,5.76,0.0,1.7,1,0,False,,1.0,2.0,1.0,,,,,,,,,,,,,,,,
92854,Borré,285,INT,5,Atacante,6,8.13,1.93,3.27,12,0,True,1.0,8.0,23.0,7.0,9.0,1.0,10.0,1.0,9.0,,1.0,,,,,,,,,
131967,Villarreal,283,CRU,5,Atacante,6,9.32,-1.2,6.73,7,0,True,,5.0,7.0,6.0,8.0,,5.0,3.0,1.0,,,1.0,,,,,,,,
117404,Otávio,283,CRU,1,Goleiro,6,2.0,0.0,0.0,0,0,False,,,,,,,,,,,,,,,,,,,,
146807,Rayan Lelis,283,CRU,5,Atacante,6,2.0,0.0,0.0,0,0,False,,,,,,,,,,,,,,,,,,,,
83528,Léo Pereira,262,FLA,3,Zagueiro,7,9.83,-0.13,4.44,8,0,True,3.0,6.0,11.0,2.0,4.0,,1.0,1.0,,,,,,,,,4.0,,,
139345,Kauã Prates,283,CRU,2,Lateral,6,3.39,0.0,0.0,1,0,False,,,,,,,,,,,,,,,,,,,,
122660,Japa,283,CRU,4,Meia,6,5.93,0.0,5.2,3,0,False,,2.0,1.0,3.0,5.0,,,1.0,,,,,,,,,,,,
137542,Kaique Kenji,283,CRU,5,Atacante,6,1.95,0.0,0.0,3,0,False,1.0,,1.0,1.0,1.0,,,,,,,,,,,,,,,
84816,Varela,262,FLA,2,Lateral,7,8.71,0.03,5.12,9,0,True,1.0,12.0,3.0,2.0,5.0,1.0,,,1.0,,1.0,,,,,,4.0,,,
82627,Luiz Araújo,262,FLA,5,Atacante,6,7.78,-0.46,3.21,7,0,True,1.0,6.0,3.0,,5.0,1.0,,1.0,1.0,,,,,,,,,,,
84735,Jorginho,262,FLA,4,Meia,7,10.36,0.0,3.31,7,0,False,2.0,12.0,6.0,,8.0,,,1.0,,,,,,,,,,1.0,,
143350,Murilo Rhikman,283,CRU,4,Meia,6,2.95,0.0,0.5,1,0,False,,,,,1.0,,,,,,,,,,,,,,,
69783,Danilo,262,FLA,3,Zagueiro,6,6.23,0.0,0.5,3,0,False,,1.0,,,,,,,,,,,,,,,,,,
90285,Bruno Henrique,262,FLA,5,Atacante,6,5.63,-0.44,1.1,5,0,True,1.0,2.0,3.0,3.0,2.0,,1.0,,2.0,,,,,,,,,,,
137543,Tevis,283,CRU,5,Atacante,6,2.0,0.0,0.0,0,0,False,,,,,,,,,,,,,,,,,,,,
80061,Saúl,262,FLA,4,Meia,6,9.02,2.02,6.5,1,0,True,,1.0,,,,1.0,,,,,,,,,,,,,,
98873,Samuel Lino,262,FLA,5,Atacante,7,9.93,-1.75,5.97,10,0,True,1.0,14.0,8.0,4.0,16.0,3.0,,2.0,1.0,,,,,,,,,,,
97867,Léo Ortiz,262,FLA,3,Zagueiro,7,9.88,0.92,4.33,10,0,True,,7.0,7.0,,2.0,,,1.0,1.0,,,2.0,,,,,4.0,,,
86757,Everton,262,FLA,5,Atacante,6,6.12,-0.2,1.63,6,0,True,1.0,3.0,5.0,7.0,2.0,,1.0,,,,,,,,,,,,,
87863,Arrascaeta,262,FLA,4,Meia,7,16.89,1.72,5.94,8,0,True,1.0,4.0,4.0,7.0,7.0,1.0,3.0,2.0,,,1.0,3.0,,,,,,,,
96870,Emerson Royal,262,FLA,2,Lateral,6,6.12,0.0,3.92,4,0,False,,4.0,5.0,1.0,1.0,,,,1.0,,,,,,,,2.0,,,
115914,Evertton Araújo,262,FLA,4,Meia,7,2.44,-0.55,0.64,7,0,True,1.0,3.0,7.0,7.0,1.0,,,,,,,,,,,,,1.0,,
91473,Erick Pulgar,262,FLA,4,Meia,3,6.08,0.0,1.53,6,0,False,3.0,10.0,10.0,,4.0,,1.0,,,,,,,,,,,1.0,,
109096,Plata,262,FLA,5,Atacante,7,10.78,-1.14,7.42,5,0,True,,6.0,2.0,2.0,3.0,1.0,8.0,1.0,,,,1.0,,,,,,,,
88393,Ayrton Lucas,262,FLA,2,Lateral,6,7.7,0.0,3.04,5,0,False,,2.0,5.0,1.0,1.0,,2.0,,,,,,,,,,2.0,,,
96652,Allan,264,COR,4,Meia,6,3.04,0.19,0.75,7,0,True,2.0,4.0,4.0,1.0,7.0,,1.0,,,,,,,,,,,1.0,,
122320,Daniel Sales,262,FLA,2,Lateral,6,2.0,0.0,0.0,0,0,False,,,,,,,,,,,,,,,,,,,,
140492,João Victor,262,FLA,3,Zagueiro,6,2.0,0.0,0.0,0,0,False,,,,,,,,,,,,,,,,,,,,
62977,Ganso,266,FLU,4,Meia,2,3.58,-0.08,1.03,11,0,True,,4.0,3.0,,4.0,,1.0,,,,,1.0,,,,,,,,
122318,Dyogo Alves,262,FLA,1,Goleiro,6,3.0,0.0,0.0,0,0,False,,,,,,,,,,,,,,,,,,,,
73384,Samuel Xavier,266,FLU,2,Lateral,2,8.23,0.0,4.22,8,0,False,1.0,12.0,7.0,1.0,14.0,,1.0,,1.0,,,,,,,,2.0,,,
130189,Léo Nannetti,262,FLA,1,Goleiro,6,2.0,0.0,0.0,0,0,False,,,,,,,,,,,,,,,,,,,,
145705,Douglas Telles,262,FLA,5,Atacante,6,2.0,0.0,0.0,0,0,False,,,,,,,,,,,,,,,,,,,,
130382,Guilherme Gomes,262,FLA,4,Meia,6,3.0,0.0,0.0,0,0,False,,,,,,,,,,,,,,,,,,,,
78117,Everaldo,265,BAH,5,Atacante,6,6.68,-0.22,5.04,9,0,True,1.0,8.0,11.0,4.0,14.0,,3.0,3.0,1.0,,,,,,,,,,,
99228,De la Cruz,262,FLA,4,Meia,6,5.73,-0.29,1.55,6,0,True,1.0,4.0,5.0,1.0,10.0,,,,,,,,,,,,,,,
140303,Da Mata,262,FLA,3,Zagueiro,6,2.0,0.0,0.0,0,0,False,,,,,,,,,,,,,,,,,,,,
82463,Otávio,266,FLU,4,Meia,7,2.51,-0.7,0.32,5,0,True,1.0,1.0,2.0,,1.0,,1.0,,,,,,,,,,,,,
78855,Thiago Santos,294,CFC,3,Zagueiro,7,3.9,0.7,2.58,6,0,True,2.0,1.0,,,2.0,,,,,,,,,,,,3.0,,,
122573,Wallace Yan,262,FLA,5,Atacante,6,3.64,0.0,0.27,3,0,False,,,2.0,,3.0,,,,1.0,,,,,,,,,,,
78445,Renê,266,FLU,2,Lateral,6,9.53,-0.72,6.22,8,0,True,,16.0,5.0,2.0,4.0,2.0,3.0,,,,,,,,,,2.0,,,
101319,Guga,266,FLU,2,Lateral,2,7.95,2.95,3.93,7,0,True,1.0,4.0,5.0,2.0,5.0,2.0,,,1.0,,,,,,,,2.0,,,
102137,Vitor Eudes,266,FLU,1,Goleiro,6,2.0,0.0,0.0,0,0,False,,,,,,,,,,,,,,,,,,,,
86485,Keno,294,CFC,5,Atacante,5,4.12,0.0,0.73,4,0,False,,,2.0,1.0,3.0,,1.0,,,,,,,,,,,,,
92182,Juninho,285,INT,3,Zagueiro,6,6.58,0.0,5.0,1,0,False,,,,,,,,,,,,,,,,,1.0,,,
103523,Ignácio,266,FLU,3,Zagueiro,6,6.14,0.0,2.77,4,0,False,1.0,5.0,6.0,3.0,2.0,,,,,,,1.0,,,,,,,,
143295,Joshua,262,FLA,4,Meia,6,3.0,0.0,0.0,0,0,False,,,,,,,,,,,,,,,,,,,,
79631,Cano,266,FLU,5,Atacante,5,5.37,0.0,0.8,2,0,False,,,,2.0,,,,,,,,,,,,,,,,
116447,Hércules,266,FLU,4,Meia,7,9.04,1.0,5.62,10,0,True,1.0,18.0,18.0,7.0,5.0,,3.0,3.0,1.0,,,,,,,,,,,
99366,Luis Zubeldía,266,FLU,6,Técnico,7,10.74,0.68,6.0,12,0,True,,,,,,,,,,,,,,,,,,,7.0,
110759,John Kennedy,266,FLU,5,Atacante,2,10.05,0.91,6.71,11,0,True,,8.0,13.0,6.0,5.0,,13.0,5.0,2.0,,,1.0,,,,,,,,
113034,Freytes,266,FLU,3,Zagueiro,7,4.91,-0.05,2.75,11,0,True,2.0,10.0,13.0,4.0,6.0,,,,,,,,,,,,3.0,,,
102928,Canobbio,266,FLU,5,Atacante,7,10.64,0.0,7.47,8,0,False,3.0,14.0,14.0,5.0,13.0,1.0,3.0,3.0,1.0,,,2.0,,,,,,1.0,,
89493,Igor Rabello,266,FLU,3,Zagueiro,6,5.0,0.0,0.0,0,0,False,,,,,,,,,,,,,,,,,,,,
100987,Nonato,266,FLU,4,Meia,5,7.28,0.0,5.3,2,0,False,2.0,,3.0,,1.0,1.0,,1.0,,,,,,,,,,,,
132071,Serna,266,FLU,5,Atacante,2,5.95,0.26,2.4,12,0,True,,7.0,8.0,5.0,11.0,1.0,3.0,,3.0,,,1.0,,,,,,,,
87258,Soteldo,266,FLU,5,Atacante,6,4.37,0.0,1.07,6,0,False,,,,2.0,5.0,,2.0,,1.0,,,,,,,,,,,
101478,Marcelo Pitaluga,266,FLU,1,Goleiro,6,3.0,0.0,0.0,0,0,False,,,,,,,,,,,,,,,,,,,,
87887,Balbuena,284,GRE,3,Zagueiro,7,6.3,0.0,3.18,5,0,False,,7.0,,,1.0,,,,1.0,,,,,,,,1.0,,,
140484,Riquelme Felipe,266,FLU,5,Atacante,6,4.36,0.36,1.7,1,0,True,,1.0,1.0,,1.0,,,,,,,,,,,,,,,
63289,Edenílson,263,BOT,4,Meia,7,9.3,2.33,4.79,9,0,True,1.0,4.0,6.0,2.0,4.0,2.0,2.0,3.0,1.0,,,,,,,,,,,
72018,Tiago Volpi,280,RBB,1,Goleiro,7,9.38,-1.23,5.22,5,0,True,,,,,,,,,,,,,,,17.0,6.0,2.0,,,
105807,Luan Freitas,266,FLU,3,Zagueiro,6,3.0,0.0,0.0,0,0,False,,,,,,,,,,,,,,,,,,,,
63013,Marcos Rocha,284,GRE,2,Lateral,6,7.36,0.0,0.0,1,0,False,,,,,,,,,,,,,,,,,,,,
90532,Arthur Melo,284,GRE,4,Meia,7,9.0,0.16,3.8,7,0,True,1.0,11.0,4.0,1.0,23.0,,,,,,,,,,,,,,,
127932,Júlio Fidelis,266,FLU,2,Lateral,6,2.0,0.0,0.0,0,0,False,,,,,,,,,,,,,,,,,,,,
91706,Marlon,284,GRE,2,Lateral,5,10.32,0.0,6.62,6,0,False,1.0,11.0,9.0,2.0,10.0,1.0,2.0,1.0,1.0,,,,,,,,1.0,,,
102318,Caio Paulista,284,GRE,2,Lateral,6,6.4,0.0,3.86,5,0,False,,5.0,,1.0,2.0,,,,,,,,,,,,2.0,,,
88037,Luís Castro,284,GRE,6,Técnico,7,9.44,-0.18,4.74,12,0,True,,,,,,,,,,,,,,,,,,,3.0,
89273,João Pedro,284,GRE,2,Lateral,6,3.33,0.0,0.6,4,0,False,,2.0,5.0,,2.0,,,,1.0,,,,,,,,,,,
87342,Kannemann,284,GRE,3,Zagueiro,6,5.0,0.0,0.0,0,0,False,,,,,,,,,,,,,,,,,,,,
42135,Willian,284,GRE,4,Meia,6,3.93,0.0,1.25,6,0,False,,2.0,1.0,2.0,4.0,,1.0,,,,,,,,,,,,,
111309,Gustavo Martins,284,GRE,3,Zagueiro,3,5.83,-0.7,2.81,9,0,True,3.0,4.0,11.0,5.0,3.0,2.0,1.0,,1.0,,,,1.0,,,,2.0,,,
130650,Bernal,266,FLU,4,Meia,6,4.4,1.5,1.76,5,0,True,1.0,5.0,7.0,3.0,4.0,,,,,,,,,,,,,,,
105563,Carlos Vinícius,284,GRE,5,Atacante,7,14.62,-0.34,6.02,12,0,True,2.0,3.0,16.0,3.0,11.0,,7.0,7.0,7.0,,,1.0,,,,,,,,
91908,Pavón,284,GRE,5,Atacante,7,6.0,-0.16,3.56,12,0,True,2.0,25.0,7.0,3.0,3.0,,2.0,,1.0,,,1.0,,,,,,,,
89883,Dodi,284,GRE,4,Meia,6,3.04,0.0,0.13,6,0,False,2.0,2.0,5.0,1.0,1.0,,,,,,,,,,,,,,,
125467,Viery,284,GRE,3,Zagueiro,7,3.78,0.0,2.49,8,0,False,2.0,7.0,11.0,1.0,6.0,,,,1.0,,,,1.0,,,,3.0,1.0,,
70944,Bruno Henrique,285,INT,4,Meia,7,3.78,0.0,0.98,9,0,False,,4.0,9.0,3.0,4.0,,1.0,,1.0,,,,,,,,,,,
104994,Wagner Leonardo,284,GRE,3,Zagueiro,6,6.17,0.44,2.87,4,0,True,,10.0,6.0,1.0,1.0,,,,,,,,,,,,,1.0,,
109966,Monsalve,284,GRE,4,Meia,6,3.12,0.41,0.64,7,0,True,1.0,1.0,7.0,2.0,9.0,,,,,,,,,,,,,,,
97145,Villasanti,284,GRE,4,Meia,6,7.0,0.0,0.0,0,0,False,,,,,,,,,,,,,,,,,,,,
142004,Amuzu,284,GRE,5,Atacante,7,7.81,0.25,4.81,11,0,True,,10.0,9.0,8.0,12.0,2.0,6.0,1.0,,,,1.0,,,,,,,,
92180,Jair Ventura,287,VIT,6,Técnico,7,8.54,-0.58,5.37,10,0,True,,,,,,,,,,,,,,,,,,,4.0,
116067,Thiago Beltrame,284,GRE,1,Goleiro,6,2.0,0.0,0.0,0,0,False,,,,,,,,,,,,,,,,,,,,
112616,Gabriel Grando,284,GRE,1,Goleiro,6,4.0,0.0,0.0,0,0,False,,,,,,,,,,,,,,,,,,,,
145744,André,264,COR,4,Meia,2,5.84,0.0,4.14,9,0,False,1.0,16.0,9.0,4.0,15.0,,1.0,1.0,,,,,,,,,,1.0,,
87228,Guilherme Arana,266,FLU,2,Lateral,7,8.08,-0.3,3.72,8,0,True,2.0,8.0,7.0,2.0,,,2.0,1.0,1.0,,,,,,,,2.0,,,
121792,André,284,GRE,5,Atacante,6,3.21,0.0,1.2,3,0,False,2.0,2.0,2.0,1.0,,,2.0,,,,,,,,,,,,,
118238,Ronald,284,GRE,4,Meia,6,3.0,0.0,0.0,0,0,False,,,,,,,,,,,,,,,,,,,,
110510,Aguirre,285,INT,2,Lateral,6,5.3,-0.35,3.24,10,0,True,1.0,13.0,9.0,4.0,2.0,1.0,2.0,,,,,,,,,,1.0,,,
107989,Carbonero,285,INT,5,Atacante,7,7.81,-0.14,3.66,12,0,True,2.0,5.0,11.0,12.0,20.0,1.0,8.0,1.0,5.0,,,,,,,,,,,
101960,Vitinho,285,INT,5,Atacante,7,7.47,-0.54,4.52,11,0,True,4.0,15.0,18.0,5.0,23.0,3.0,6.0,,1.0,,,,1.0,,,,,,,
72951,Mercado,285,INT,3,Zagueiro,5,7.21,0.0,5.21,8,0,False,3.0,12.0,7.0,2.0,6.0,,1.0,1.0,,,,,,,,,3.0,,,
89637,Thiago Maia,285,INT,4,Meia,6,3.84,-0.11,0.94,7,0,True,,4.0,1.0,,2.0,,,,1.0,,,,,,,,,,,
106202,Bruno Gomes,285,INT,4,Meia,7,6.82,0.02,3.41,12,0,True,,19.0,9.0,3.0,17.0,,1.0,,,,,1.0,,,,,,,,
92981,Ronaldo,285,INT,4,Meia,6,3.89,0.0,2.85,7,0,False,1.0,8.0,10.0,3.0,3.0,,,1.0,,,,,,,,,,,,
111683,Anthoni,285,INT,1,Goleiro,7,2.77,-0.57,0.45,2,0,True,,,,,,,,,,,,,,,3.0,3.0,,,,
111466,Victor Gabriel,285,INT,3,Zagueiro,7,4.84,0.29,2.61,10,0,True,3.0,13.0,14.0,1.0,6.0,,,,,,,,,,,,2.0,,,
115479,Paulo Pezzolano,285,INT,6,Técnico,7,7.56,0.18,4.71,12,0,True,,,,,,,,,,,,,,,,,,,3.0,
101597,Ramon,287,VIT,2,Lateral,2,8.95,-1.12,6.09,10,0,True,1.0,12.0,20.0,3.0,8.0,,2.0,2.0,,,,,,,,,5.0,,,
107174,Bruno Tabata,285,INT,4,Meia,6,3.62,0.08,1.04,5,0,True,,1.0,3.0,1.0,3.0,,2.0,,1.0,,,,,,,,,,,
86711,Richard,285,INT,4,Meia,6,4.0,0.0,0.0,0,0,False,,,,,,,,,,,,,,,,,,,,
93790,Marlon Freitas,275,PAL,4,Meia,7,6.38,0.0,3.35,11,0,False,3.0,13.0,11.0,2.0,,1.0,1.0,2.0,1.0,,,,,,,,,,,
71684,Gustavo Gómez,275,PAL,3,Zagueiro,7,12.67,1.93,5.69,11,0,True,,7.0,10.0,6.0,3.0,1.0,,3.0,2.0,,,,,,,,4.0,,,
102130,Piquerez,275,PAL,2,Lateral,5,11.43,0.0,6.43,6,0,False,,9.0,3.0,2.0,8.0,1.0,2.0,,,,,1.0,,,,,2.0,,,
84674,Lucas Evangelista,275,PAL,4,Meia,6,4.74,-0.08,1.37,10,0,True,,3.0,1.0,2.0,6.0,1.0,,,,,,,,,,,,,,
71631,Weverton,284,GRE,1,Goleiro,7,7.56,-0.81,4.38,12,0,True,1.0,,,,3.0,1.0,,,,,,,1.0,,27.0,16.0,3.0,,,2.0
97653,Murilo,275,PAL,3,Zagueiro,3,7.03,-0.71,3.77,10,0,True,,10.0,16.0,1.0,1.0,1.0,1.0,1.0,,,,,,,,,3.0,1.0,,
92811,Bruno Rodrigues,283,CRU,5,Atacante,7,2.73,0.42,0.68,6,0,True,,1.0,3.0,,7.0,,,,,,,,,,,,,,,
104084,Carlos Miguel,275,PAL,1,Goleiro,7,8.83,0.08,5.0,12,0,True,2.0,,,,8.0,,,,,,,,,,37.0,10.0,4.0,,,
105647,Maurício,275,PAL,4,Meia,6,6.79,0.0,3.08,10,0,False,1.0,6.0,12.0,7.0,9.0,1.0,3.0,1.0,2.0,,,,,,,,,,,
68872,Marcelo Lomba,275,PAL,1,Goleiro,6,4.0,0.0,0.0,0,0,False,,,,,,,,,,,,,,,,,,,,
104085,Bruno Fuchs,275,PAL,3,Zagueiro,7,8.15,0.15,3.75,4,0,True,,4.0,5.0,,1.0,,,,,,,,,,,,2.0,,,
137618,Clayton Sampaio,285,INT,3,Zagueiro,6,3.0,0.0,0.0,0,0,False,,,,,,,,,,,,,,,,,,,,
143488,Raykkonen,285,INT,5,Atacante,6,2.63,0.0,0.5,1,0,False,,,,,1.0,,,,,,,,,,,,,,,
70592,Felipe Anderson,275,PAL,4,Meia,6,5.81,-0.41,1.8,9,0,True,,9.0,3.0,1.0,3.0,,1.0,,,,,,,,,,,,,
112863,Ramón Sosa,275,PAL,5,Atacante,7,5.37,0.2,1.76,11,0,True,2.0,3.0,11.0,2.0,13.0,,1.0,1.0,2.0,,,1.0,,,,,,,,
105175,Khellven,275,PAL,2,Lateral,6,5.97,0.0,2.4,8,0,False,2.0,13.0,11.0,,6.0,,,,,,,,,1.0,,,1.0,,,
111832,Jefté,275,PAL,2,Lateral,6,3.01,0.0,0.33,3,0,False,,1.0,3.0,,1.0,,,,1.0,,,,,,,,,,,
124526,Giay,275,PAL,2,Lateral,7,7.46,0.58,4.3,11,0,True,1.0,18.0,12.0,,10.0,,,,1.0,,,,,,,,4.0,,,
113103,Flaco López,275,PAL,5,Atacante,7,13.97,-0.65,6.32,12,0,True,,13.0,21.0,10.0,31.0,2.0,5.0,3.0,8.0,,,,,,,,,,,
130612,Luighi,275,PAL,5,Atacante,6,2.83,0.0,0.97,6,0,False,2.0,4.0,5.0,1.0,5.0,,,,,,,,,,,,,,,
141451,Allan,275,PAL,4,Meia,7,13.17,-0.06,6.0,12,0,True,2.0,21.0,13.0,3.0,26.0,,6.0,3.0,1.0,,,,,,,,,,,
99818,Paulinho,275,PAL,5,Atacante,6,15.0,0.0,0.0,0,0,False,,,,,,,,,,,,,,,,,,,,
110506,Abel Ferreira,275,PAL,6,Técnico,7,12.47,0.28,6.64,12,0,True,,,,,,,,,,,,,,,,,,,9.0,
108683,Emiliano Martínez,275,PAL,4,Meia,6,4.9,0.27,1.8,3,0,True,1.0,3.0,1.0,,2.0,,1.0,,,,,,,,,,,,,
81005,André Luis,2305,MIR,5,Atacante,7,4.43,1.47,1.38,6,0,True,1.0,,5.0,1.0,4.0,,,1.0,,,,,,,,,,,,
82775,Lucas Ramon,276,SAO,2,Lateral,7,10.1,0.0,6.26,7,0,False,,16.0,3.0,2.0,12.0,1.0,1.0,,1.0,,,,,,,,2.0,1.0,,
97321,Alesson,2305,MIR,5,Atacante,7,9.73,1.97,4.91,10,0,True,,12.0,6.0,4.0,12.0,3.0,5.0,,4.0,,,1.0,,,,,,,,
97460,João Victor,2305,MIR,3,Zagueiro,7,5.1,0.47,2.12,10,0,True,1.0,10.0,5.0,1.0,1.0,1.0,2.0,,,,,,,,,,,,,
87742,Neto Moura,2305,MIR,4,Meia,6,3.46,-0.32,1.54,8,0,True,2.0,6.0,8.0,5.0,5.0,,1.0,,,,,,,,,,,,,
133679,Benedetti,275,PAL,3,Zagueiro,6,4.62,1.62,4.7,1,0,True,,,1.0,,,,,,,,,,,,,,1.0,,,
136156,Larson,275,PAL,4,Meia,6,2.44,0.0,0.47,3,0,False,,,2.0,1.0,,,1.0,,,,,,,,,,,,,
72279,Thomazella,2305,MIR,1,Goleiro,6,2.0,0.0,0.0,0,0,False,,,,,,,,,,,,,,,,,,,,
97520,Shaylon,2305,MIR,4,Meia,7,4.83,0.77,2.43,7,0,True,,6.0,4.0,,,,1.0,1.0,,,,,,,,,,,,
79066,Alex Muralha,2305,MIR,1,Goleiro,6,2.64,-0.36,-1.0,0,0,False,1.0,,,,,,,,,,,,,,,,,,,
73318,Daniel Borges,2305,MIR,2,Lateral,6,4.18,0.0,1.3,1,0,False,,,,1.0,1.0,,,,,,,,,,,,,,,
104027,Rafael Guanaes,2305,MIR,6,Técnico,7,7.42,0.71,3.99,10,0,True,,,,,,,,,,,,,,,,,,,2.0,
83263,Yuri Lara,2305,MIR,4,Meia,5,4.85,0.0,2.02,5,0,False,,7.0,2.0,,4.0,,1.0,,,,,,,,,,,1.0,,
98384,Negueba,2305,MIR,5,Atacante,5,8.57,0.0,5.23,8,0,False,4.0,15.0,5.0,6.0,17.0,,3.0,1.0,,,,,,,,,,,,
90917,Carlos Eduardo,2305,MIR,5,Atacante,6,3.95,-0.03,1.4,5,0,True,1.0,3.0,5.0,3.0,6.0,,,,4.0,,,,,,,,,,,
102667,Nathan Fogaça,2305,MIR,5,Atacante,6,5.41,-0.4,3.65,7,0,True,1.0,,11.0,5.0,2.0,,5.0,2.0,2.0,,,1.0,,,,,,,,
104204,Edson Carioca,2305,MIR,5,Atacante,6,3.78,-0.84,1.2,5,0,True,2.0,3.0,6.0,6.0,1.0,,,,,,,,,,,,,,,
81150,Mayke,277,SAN,2,Lateral,7,4.67,0.0,1.2,1,0,False,,,1.0,,3.0,,,,,,,,,,,,,,,
117403,Renato Marques,294,CFC,5,Atacante,3,2.76,-1.25,-0.03,3,0,True,,,3.0,2.0,2.0,,1.0,,,,,,,,,,,1.0,,
101708,Felipe Jonatan,294,CFC,2,Lateral,6,6.02,1.12,2.92,7,0,True,,5.0,1.0,2.0,1.0,,1.0,,1.0,,,,,,,,2.0,,,
83257,Gabriel,277,SAN,5,Atacante,3,10.54,1.78,5.43,6,0,True,2.0,2.0,2.0,6.0,4.0,2.0,,2.0,6.0,,,,,,,,,,,
77777,João Schmidt,277,SAN,4,Meia,7,4.12,0.0,1.13,6,0,False,1.0,5.0,6.0,2.0,1.0,,,,,,,,,,,,,,,
91866,Zé Ivaldo,277,SAN,3,Zagueiro,6,5.75,0.0,1.9,4,0,False,1.0,6.0,1.0,,3.0,,2.0,,,,,,1.0,1.0,,,,,,
95466,Igor Vinícius,277,SAN,2,Lateral,3,9.82,-1.2,6.65,8,0,True,3.0,22.0,10.0,,10.0,1.0,1.0,,,,,,,,,,3.0,,,
87470,Thaciano,277,SAN,4,Meia,7,6.65,-0.03,3.06,9,0,True,1.0,4.0,2.0,4.0,6.0,,1.0,2.0,3.0,,,,,,,,,,,
105903,Aldo Filho,2305,MIR,4,Meia,7,3.73,-0.39,1.98,9,0,True,5.0,10.0,12.0,2.0,5.0,1.0,2.0,,1.0,,,,,,,,,,,
74187,Rincón,277,SAN,4,Meia,6,3.05,0.0,-1.6,1,0,False,1.0,,2.0,,,,,,,,,,,,,,,,,
102256,Rollheiser,277,SAN,4,Meia,7,4.3,-0.18,0.3,8,0,True,1.0,,1.0,1.0,1.0,,2.0,,,,,,,,,,,,,
78478,Willian Arão,277,SAN,4,Meia,6,5.92,-0.12,2.68,7,0,True,,12.0,4.0,,4.0,,,,,,,,,,,,,,,
84042,Tiquinho Soares,2305,MIR,5,Atacante,6,5.86,0.0,2.1,5,0,False,1.0,3.0,5.0,4.0,6.0,,2.0,,1.0,,,,,,,,,,,
84847,Luan Peres,277,SAN,3,Zagueiro,6,4.69,-0.67,2.49,10,0,True,2.0,9.0,12.0,,10.0,,,,,,,,,,,,3.0,1.0,,
141754,Gabriel Bontempo,277,SAN,4,Meia,7,4.83,-0.07,2.81,9,0,True,2.0,15.0,6.0,3.0,6.0,,1.0,,,,,,,,,,,,,
82455,Zé Rafael,277,SAN,4,Meia,6,8.88,0.0,5.35,4,0,False,1.0,4.0,5.0,3.0,5.0,1.0,,1.0,,,,,,,,,,,,
113690,Diógenes,277,SAN,1,Goleiro,7,2.0,0.0,0.0,0,0,False,,,,,,,,,,,,,,,,,,,,
102975,Escobar,277,SAN,2,Lateral,7,10.77,0.0,8.08,6,0,False,3.0,19.0,7.0,4.0,4.0,1.0,,,1.0,,,,,,,,3.0,,,
70164,Lucas Moura,276,SAO,4,Meia,6,7.89,0.0,2.69,7,0,False,,,4.0,2.0,6.0,1.0,2.0,1.0,,,,,,,,,,,,
63008,Rafael Tolói,276,SAO,3,Zagueiro,7,7.32,0.0,4.05,4,0,False,3.0,9.0,6.0,1.0,1.0,,1.0,,,,,,,,,,1.0,,,
142867,Robinho Jr.,277,SAN,5,Atacante,6,3.06,0.0,0.0,2,0,False,,,,,,,,,,,,,,,,,,,,
77656,Cédric Soares,276,SAO,2,Lateral,6,4.07,-0.59,0.96,5,0,True,1.0,3.0,1.0,2.0,,,,,,,,,,,,,,,,
130811,Souza,277,SAN,2,Lateral,6,8.0,0.0,0.0,0,0,False,,,,,,,,,,,,,,,,,,,,
80570,Wendell,276,SAO,2,Lateral,7,7.7,-0.5,3.6,7,0,True,2.0,9.0,16.0,1.0,3.0,1.0,1.0,,,,,,,,,,2.0,,,
85403,Danielzinho,276,SAO,4,Meia,7,6.9,-0.75,3.22,10,0,True,,6.0,9.0,3.0,19.0,1.0,,1.0,,,1.0,,,,,,,,,
108469,Adonis Frías,277,SAN,3,Zagueiro,6,4.69,0.0,1.53,4,0,False,1.0,4.0,2.0,,1.0,,1.0,,,,,,,,,,,,,
141868,Vinicius Lira,277,SAN,2,Lateral,5,3.79,0.0,2.42,4,0,False,1.0,7.0,6.0,1.0,,,1.0,,,,,,,,,,,,,
104075,Sabino,276,SAO,3,Zagueiro,7,7.09,-0.01,4.45,10,0,True,,16.0,16.0,2.0,9.0,,1.0,1.0,,,,,,,,,2.0,,,
81845,Alisson,266,FLU,4,Meia,6,3.88,-0.21,0.62,5,0,True,1.0,3.0,3.0,,1.0,,,,,,,,,,,,,,,
89840,Calleri,276,SAO,5,Atacante,7,13.51,-0.33,7.37,11,0,True,1.0,9.0,17.0,10.0,24.0,,6.0,6.0,5.0,,,,1.0,,,,,,,
105300,Ferraresi,263,BOT,3,Zagueiro,7,5.63,-0.43,2.07,8,0,True,1.0,8.0,5.0,2.0,1.0,,,,,,,,,,,,1.0,,,
100969,Ronald Lopes,287,VIT,4,Meia,6,2.76,-0.26,-0.42,4,0,True,1.0,,5.0,1.0,,,,,,,,,,,,,,,,
99889,Alan Franco,276,SAO,3,Zagueiro,3,5.13,-0.63,2.23,10,0,True,3.0,8.0,10.0,1.0,1.0,,,,,,,,,,,,3.0,,,
106294,Marcos Antônio,276,SAO,4,Meia,5,6.64,0.0,2.84,11,0,False,1.0,11.0,11.0,2.0,10.0,2.0,2.0,,1.0,,,,,,,,,,,
107873,Bobadilla,276,SAO,4,Meia,7,8.85,0.7,3.97,10,0,True,1.0,19.0,13.0,3.0,2.0,1.0,4.0,,1.0,,,1.0,,,,,,,,
101290,Ferreira,276,SAO,5,Atacante,5,6.88,0.0,4.14,8,0,False,2.0,2.0,1.0,4.0,8.0,,1.0,3.0,,,,,,,,,,,,
131617,André Silva,276,SAO,5,Atacante,6,4.34,0.0,0.33,7,0,False,1.0,,7.0,,6.0,,2.0,,,,,,,,,,,,,
140542,Ryan Francisco,276,SAO,5,Atacante,6,5.0,0.0,0.0,0,0,False,,,,,,,,,,,,,,,,,,,,
91573,Arboleda,276,SAO,3,Zagueiro,6,8.95,0.0,3.98,6,0,False,,10.0,5.0,,1.0,,,,1.0,,,,,,,,2.0,,,
71123,Thiago Mendes,267,VAS,4,Meia,2,7.49,-0.88,4.52,11,0,True,4.0,9.0,11.0,3.0,22.0,1.0,1.0,3.0,1.0,,,,,,,,,,,
108588,Tapia,276,SAO,5,Atacante,6,4.57,-0.12,1.87,8,0,True,,4.0,6.0,4.0,5.0,,1.0,,1.0,,1.0,1.0,,,,,,,,
141611,Maik,276,SAO,2,Lateral,6,5.52,-1.02,3.48,5,0,True,,8.0,3.0,1.0,1.0,,,,,,,,,,,,1.0,,,
72391,Fernando Diniz,264,COR,6,Técnico,7,8.18,-0.24,4.29,5,0,True,,,,,,,,,,,,,,,,,,,,
113359,Pablo Maia,276,SAO,4,Meia,5,4.28,0.0,1.36,8,0,False,1.0,7.0,10.0,3.0,4.0,,,,,,,,,,,,,,,
117818,Young,276,SAO,1,Goleiro,6,3.0,0.0,0.0,0,0,False,,,,,,,,,,,,,,,,,,,,
93716,Paulo Henrique,267,VAS,2,Lateral,7,8.46,0.07,3.7,9,0,True,2.0,12.0,9.0,1.0,16.0,2.0,1.0,,,,,,,,,,,,,
118563,Rodriguinho,280,RBB,4,Meia,6,5.43,0.0,2.96,5,0,False,2.0,6.0,7.0,,4.0,,,1.0,1.0,,,,,,,,,,,
86410,Victor Luis,2305,MIR,2,Lateral,6,3.04,-0.22,0.88,5,0,True,2.0,4.0,4.0,2.0,2.0,,,,,,,,1.0,,,,,,,
106028,Coronel,276,SAO,1,Goleiro,6,5.0,0.0,0.0,0,0,False,,,,,,,,,,,,,,,,,,,,
141609,Lucca,276,SAO,5,Atacante,6,2.83,0.06,0.6,2,0,True,,1.0,1.0,,,,,,,,,,,,,,,,,
97095,Carlos Cuesta,267,VAS,3,Zagueiro,6,5.35,-0.65,0.5,4,0,True,,3.0,7.0,2.0,2.0,,,,,,,,,1.0,,,,,,
116706,Andrés Gómez,267,VAS,5,Atacante,7,14.39,1.33,8.62,11,0,True,3.0,24.0,14.0,13.0,18.0,2.0,10.0,2.0,4.0,,,3.0,,,,,,,,
115141,Lucas Freitas,267,VAS,3,Zagueiro,6,3.61,0.0,0.0,1,0,False,,,,,,,,,,,,,,,,,,,,
95936,Daniel Fuzato,267,VAS,1,Goleiro,6,2.0,0.0,0.0,0,0,False,,,,,,,,,,,,,,,,,,,,
90309,David,267,VAS,5,Atacante,2,5.07,0.53,2.83,10,0,True,,2.0,6.0,2.0,3.0,1.0,3.0,2.0,6.0,,,,,,,,,,,
81091,Jair,267,VAS,4,Meia,5,6.0,0.0,0.0,0,0,False,,,,,,,,,,,,,,,,,,,,
99213,Puma Rodríguez,267,VAS,2,Lateral,6,8.98,0.65,5.51,8,0,True,3.0,5.0,2.0,5.0,1.0,3.0,4.0,2.0,1.0,,,,,,,,,,,
117330,Robert Renan,267,VAS,3,Zagueiro,7,4.87,0.27,1.46,12,0,True,,12.0,11.0,1.0,4.0,,,,,,,,,,,,,,,
90588,Caíque,287,VIT,4,Meia,7,4.84,-0.27,2.32,8,0,True,1.0,11.0,13.0,1.0,10.0,,1.0,,,,,,,,,,,,,
86686,Tchê Tchê,267,VAS,4,Meia,7,4.47,0.55,1.82,9,0,True,1.0,4.0,7.0,3.0,4.0,,1.0,1.0,1.0,,,,,,,,,,,
118752,Mateus Carvalho,267,VAS,4,Meia,5,4.0,0.0,0.0,0,0,False,,,,,,,,,,,,,,,,,,,,
122485,Barros,267,VAS,4,Meia,7,9.54,0.0,6.17,10,0,True,1.0,18.0,16.0,5.0,31.0,,,3.0,,,,,,,,,,1.0,,
111682,Adson,267,VAS,4,Meia,6,5.98,-0.59,2.13,3,0,True,,2.0,1.0,4.0,1.0,,,,,,,,,,,,,,,
90703,Matheuzinho,287,VIT,4,Meia,7,5.71,-0.21,3.02,10,0,True,1.0,3.0,4.0,4.0,17.0,,6.0,1.0,,,1.0,,,,,,,,,
101594,Hugo Moura,267,VAS,4,Meia,2,2.73,-0.23,0.94,7,0,True,,4.0,4.0,1.0,2.0,,,,,,,,,,,,,,,
42222,Osvaldo,287,VIT,5,Atacante,6,4.37,0.0,0.8,1,0,False,,,,1.0,,,,,,,,,,,,,,,,
105584,Lucas Piton,267,VAS,2,Lateral,6,5.02,0.0,1.06,8,0,False,,4.0,5.0,2.0,,,2.0,,,,,,,,,,,,,
83786,Neris,287,VIT,3,Zagueiro,5,3.08,0.0,1.5,1,0,False,,1.0,,,,,,,,,,,,,,,,,,
99440,Baralhas,287,VIT,4,Meia,5,9.64,-1.01,6.23,9,0,True,4.0,19.0,19.0,6.0,13.0,2.0,,2.0,,,,,,,,,,,,
115100,Matheus França,267,VAS,4,Meia,6,3.12,0.0,0.57,3,0,False,,1.0,2.0,1.0,,,,,,,,,,,,,,,,
92696,Renato Kayzer,287,VIT,5,Atacante,5,6.59,-0.49,3.08,8,0,True,1.0,3.0,9.0,3.0,8.0,,2.0,2.0,9.0,,,,,,,,,,,
118775,Lautaro Díaz,277,SAN,5,Atacante,6,5.73,-0.51,2.9,6,0,True,,2.0,1.0,4.0,1.0,,,1.0,,,,1.0,,,,,,,,
142279,Nuno Moreira,267,VAS,4,Meia,6,5.62,0.0,2.62,10,0,False,1.0,8.0,7.0,5.0,6.0,,2.0,1.0,1.0,,,,,,,,,,,
96793,Camutanga,287,VIT,3,Zagueiro,5,6.71,0.0,3.95,7,0,False,,8.0,2.0,2.0,3.0,,1.0,,,,,,,1.0,,,3.0,,,
93411,Cantalapiedra,287,VIT,4,Meia,6,4.26,-0.39,1.09,7,0,True,1.0,3.0,4.0,1.0,7.0,,1.0,,2.0,,,,,,,,,,,
111879,Mateus Silva,287,VIT,2,Lateral,5,4.95,0.0,4.85,2,0,False,,2.0,2.0,1.0,3.0,,,,,,,,,,,,1.0,,,
109138,Kike Saverio,287,VIT,5,Atacante,6,5.0,0.0,0.0,0,0,False,,,,,,,,,,,,,,,,,,,,
126471,Barreal,277,SAN,4,Meia,6,11.07,1.11,4.08,10,0,True,3.0,13.0,14.0,7.0,9.0,,3.0,2.0,2.0,,,,1.0,,,,,,,
123744,Alan Rodríguez,285,INT,4,Meia,6,3.27,0.0,0.58,7,0,False,,2.0,5.0,2.0,2.0,,,,,,,,,,,,,,,
104118,Lucas Arcanjo,287,VIT,1,Goleiro,7,9.83,-0.95,6.8,8,0,True,1.0,,,,,,,,,,,,1.0,,28.0,7.0,4.0,,,1.0
90031,Mendoza,293,CAP,5,Atacante,2,8.71,-1.17,5.5,10,0,True,,8.0,6.0,4.0,6.0,,3.0,4.0,,,,1.0,,,,,,,,
104330,Dudu,287,VIT,4,Meia,5,5.01,0.0,3.95,2,0,False,,,2.0,,1.0,,,1.0,,,,,,,,,,,,
97645,Thiago Couto,287,VIT,1,Goleiro,6,3.0,0.0,0.0,0,0,False,,,,,,,,,,,,,,,,,,,,
92273,Odair Hellmann,293,CAP,6,Técnico,7,8.05,-0.93,5.13,10,0,True,,,,,,,,,,,,,,,,,,,5.0,
80129,Jadson,293,CAP,4,Meia,3,3.79,-0.49,1.26,8,0,True,3.0,8.0,8.0,,7.0,,,,,,,,,,,,,,,
101752,Claudinho,287,VIT,2,Lateral,6,4.0,0.0,0.0,0,0,False,,,,,,,,,,,,,,,,,,,,
102796,Julimar,293,CAP,5,Atacante,2,6.71,0.0,4.62,9,0,False,2.0,7.0,10.0,5.0,4.0,1.0,1.0,3.0,1.0,,,,,,,,,,,
116461,Jamerson,287,VIT,2,Lateral,5,6.19,0.0,4.1,3,0,False,,1.0,,1.0,,,,,,,,,,,,,2.0,,,
105518,Renan Peixoto,293,CAP,5,Atacante,6,3.47,-0.09,0.83,3,0,True,,1.0,1.0,1.0,1.0,,,,,,,,,,,,,,,
110698,Mycael,293,CAP,1,Goleiro,6,5.0,0.0,0.0,0,0,False,,,,,,,,,,,,,,,,,,,,
113113,Benavídez,293,CAP,2,Lateral,7,6.72,0.0,4.4,8,0,False,1.0,9.0,9.0,1.0,7.0,2.0,1.0,,1.0,,,,,,,,2.0,,,
107985,Terán,293,CAP,3,Zagueiro,7,5.02,0.1,2.6,6,0,True,,6.0,8.0,1.0,4.0,,1.0,,,,,,,,,,1.0,,,
85626,Léo,293,CAP,3,Zagueiro,6,6.77,0.0,4.9,2,0,False,,4.0,4.0,,,,,,,,,,,,,,1.0,,,
110668,Esquivel,293,CAP,2,Lateral,7,8.04,-0.1,5.61,8,0,True,1.0,15.0,21.0,5.0,9.0,2.0,1.0,,,,,,,,,,2.0,,,
123869,Aguirre,293,CAP,3,Zagueiro,7,4.96,-0.73,2.67,9,0,True,1.0,3.0,12.0,,5.0,,3.0,,,,,1.0,,,,,3.0,,,
120433,Léo Derik,293,CAP,2,Lateral,6,4.37,0.0,2.84,5,0,False,,5.0,,,1.0,,1.0,,,,,,,,,,1.0,,,
111951,Renzo López,287,VIT,5,Atacante,6,2.09,0.0,0.4,4,0,False,,1.0,9.0,1.0,4.0,,,,,,,,,,,,,,,
112017,Felipinho,293,CAP,4,Meia,6,3.76,0.0,0.75,2,0,False,,1.0,,,,,,,,,,,,,,,,,,
130620,Edenílson,287,VIT,4,Meia,7,3.15,0.0,1.27,3,0,False,,5.0,4.0,,1.0,,,,,,,,,,,,,1.0,,
125746,Dudu,293,CAP,4,Meia,7,2.25,-0.42,2.14,9,0,True,,5.0,5.0,2.0,5.0,,1.0,1.0,,,,,,,,,,,,
145387,Rúben Ismael,287,VIT,4,Meia,5,4.0,0.0,0.0,0,0,False,,,,,,,,,,,,,,,,,,,,
122439,Isaac,293,CAP,5,Atacante,6,2.0,0.0,0.0,0,0,False,,,,,,,,,,,,,,,,,,,,
115266,Renan Viana,293,CAP,5,Atacante,6,2.0,0.0,0.0,0,0,False,,,,,,,,,,,,,,,,,,,,
143193,Viveros,293,CAP,5,Atacante,7,10.83,-1.36,6.6,10,0,True,1.0,1.0,21.0,7.0,37.0,1.0,8.0,4.0,9.0,,2.0,,,,,,,,,
128431,João Cruz,293,CAP,4,Meia,6,4.76,-0.68,2.57,6,0,True,1.0,4.0,4.0,2.0,,2.0,,,,,,,,,,,,,,
127970,Felipe Chiqueti,293,CAP,4,Meia,6,1.78,-0.07,1.14,5,0,True,1.0,2.0,7.0,2.0,6.0,,1.0,,,,,,,,,,,,,
143532,Carlos Eduardo,293,CAP,1,Goleiro,6,1.0,0.0,0.0,0,0,False,,,,,,,,,,,,,,,,,,,,
122316,Batata,293,CAP,2,Lateral,6,1.0,0.0,0.0,0,0,False,,,,,,,,,,,,,,,,,,,,
131832,Portilla,293,CAP,4,Meia,2,2.49,-0.36,1.01,10,0,True,2.0,7.0,14.0,2.0,6.0,,1.0,,,,,,,,,,,,,
130842,Matheus Soares,293,CAP,1,Goleiro,6,1.0,0.0,0.0,0,0,False,,,,,,,,,,,,,,,,,,,,
125926,Zapelli,293,CAP,4,Meia,2,5.09,-0.32,2.15,8,0,True,2.0,8.0,6.0,5.0,6.0,1.0,,,,,,,,,,,,1.0,,
123101,Leozinho,293,CAP,5,Atacante,6,2.25,-0.08,0.17,3,0,True,,,1.0,1.0,,,,,,,,,,,,,,,,
128429,Marcão,293,CAP,3,Zagueiro,6,3.0,0.0,0.0,0,0,False,,,,,,,,,,,,,,,,,,,,
128427,Alejandro García,293,CAP,4,Meia,6,4.0,0.0,0.0,0,0,False,,,,,,,,,,,,,,,,,,,,
63354,Rodrigo Moledo,294,CFC,3,Zagueiro,6,3.0,0.0,0.0,0,0,False,,,,,,,,,,,,,,,,,,,,
84339,Bruno Melo,294,CFC,2,Lateral,7,6.53,0.09,4.44,11,0,True,1.0,14.0,7.0,2.0,9.0,1.0,,,2.0,,,,,,,,4.0,,,
71227,Maicon,294,CFC,3,Zagueiro,7,4.87,0.71,2.42,11,0,True,,6.0,3.0,,3.0,,,,,,,,,,,,4.0,1.0,,
90302,Pedro Rocha,294,CFC,5,Atacante,7,7.99,1.2,4.01,12,0,True,1.0,4.0,14.0,12.0,17.0,,5.0,3.0,7.0,,,,,,,,,,,
84626,Josué,294,CFC,4,Meia,7,5.13,-0.67,2.95,11,0,True,1.0,5.0,10.0,5.0,11.0,4.0,2.0,,,,,,,,,,,1.0,,
110708,Pedro Rangel,294,CFC,1,Goleiro,7,8.38,2.39,5.54,9,0,True,1.0,,,,3.0,,,,,,,,,,28.0,7.0,4.0,,,
104811,Sebastián Gómez,294,CFC,4,Meia,3,3.89,-0.73,2.22,10,0,True,3.0,13.0,15.0,2.0,10.0,,3.0,,,,,,,,,,,,,
97878,Jacy,294,CFC,3,Zagueiro,7,6.09,1.14,4.38,11,0,True,2.0,16.0,6.0,2.0,7.0,,,1.0,,,,,,,,,3.0,,,
81952,Willian Oliveira,294,CFC,4,Meia,6,5.22,0.0,2.43,7,0,False,,11.0,7.0,2.0,2.0,,,,,,,,,,,,,,,
50742,Gabriel Leite,294,CFC,1,Goleiro,6,3.0,0.0,0.0,0,0,False,,,,,,,,,,,,,,,,,,,,
82628,Tinga,294,CFC,2,Lateral,7,6.79,1.72,3.37,8,0,True,,13.0,1.0,1.0,4.0,,,,,,,,,,,,1.0,,,
145609,Élan Ricardo,293,CAP,4,Meia,6,3.0,0.0,0.0,0,0,False,,,,,,,,,,,,,,,,,,,,
84428,Fernando Sobral,294,CFC,4,Meia,6,4.56,0.0,1.5,2,0,False,,2.0,,,,,,,,,,,,,,,,,,
123648,Lucas Ronier,294,CFC,5,Atacante,7,10.85,0.22,7.68,12,0,True,2.0,26.0,13.0,13.0,32.0,3.0,3.0,1.0,1.0,,,2.0,,,,,,,,
101405,Wallisson,294,CFC,4,Meia,6,5.25,0.0,2.9,8,0,False,3.0,18.0,15.0,1.0,6.0,,,,1.0,,,,,,,,,,,
126977,Fernando Seabra,294,CFC,6,Técnico,7,8.51,0.66,5.57,12,0,True,,,,,,,,,,,,,,,,,,,5.0,
125803,Pedro Morisco,294,CFC,1,Goleiro,5,8.04,0.0,5.0,4,0,False,1.0,,,,2.0,,,,,,,,1.0,,20.0,5.0,,,,
124358,João Almeida,294,CFC,2,Lateral,6,1.0,0.0,0.0,0,0,False,,,,,,,,,,,,,,,,,,,,
117930,Lavega,294,CFC,5,Atacante,6,4.68,-1.27,3.21,11,0,True,3.0,7.0,6.0,4.0,3.0,,1.0,3.0,4.0,,,,,,,,,,,
109127,Tiago Cóser,294,CFC,3,Zagueiro,6,4.02,0.63,3.04,10,0,True,1.0,3.0,10.0,1.0,2.0,,,1.0,,,,,,,,,4.0,,,
112576,Vini Paulista,294,CFC,4,Meia,7,4.66,0.09,2.89,12,0,True,1.0,21.0,8.0,3.0,6.0,,1.0,,,,,,,,,,,,,
125551,Jean Gabriel,294,CFC,4,Meia,6,2.0,0.0,0.0,0,0,False,,,,,,,,,,,,,,,,,,,,
82730,Marcelo Rangel,364,REM,1,Goleiro,7,5.03,0.04,2.97,12,0,True,1.0,,,,2.0,,,,,,,,,,35.0,22.0,1.0,,,1.0
124834,Ruan Assis,294,CFC,5,Atacante,6,1.0,0.0,0.0,0,0,False,,,,,,,,,,,,,,,,,,,,
141337,Lucas Taverna,294,CFC,2,Lateral,6,1.0,0.0,0.0,0,0,False,,,,,,,,,,,,,,,,,,,,
115840,Benassi,294,CFC,1,Goleiro,6,1.0,0.0,0.0,0,0,False,,,,,,,,,,,,,,,,,,,,
130283,Matheus Dias,294,CFC,4,Meia,6,1.0,0.0,0.0,0,0,False,,,,,,,,,,,,,,,,,,,,
97795,Marcelinho,364,REM,2,Lateral,7,6.28,1.36,4.87,9,0,True,,14.0,3.0,4.0,8.0,,3.0,1.0,,,,,,,,,1.0,,,
131279,Thiago Azaf,294,CFC,5,Atacante,6,1.0,0.0,0.0,0,0,False,,,,,,,,,,,,,,,,,,,,
83074,Ygor Vinhas,364,REM,1,Goleiro,6,3.0,0.0,0.0,0,0,False,,,,,,,,,,,,,,,,,,,,
96831,Carlinhos,364,REM,5,Atacante,6,3.5,0.0,-1.0,0,0,False,1.0,,,,,,,,,,,,,,,,,,,
97735,Giovanni Pavani,364,REM,4,Meia,6,2.98,0.0,1.5,1,0,False,,1.0,,,,,,,,,,,,,,,,,,
95555,Sávio,364,REM,2,Lateral,6,4.66,0.0,2.47,3,0,False,,3.0,1.0,1.0,5.0,,,,1.0,,,,,,,,,,,
84708,Panagiotis,364,REM,4,Meia,6,3.0,0.0,0.0,0,0,False,,,,,,,,,,,,,,,,,,,,
98224,Jáderson,364,REM,4,Meia,6,3.04,-0.2,1.15,8,0,True,,4.0,2.0,1.0,6.0,,,,,,,,,,,,,,,
104257,João Lucas,364,REM,2,Lateral,5,4.59,0.0,2.82,6,0,False,3.0,11.0,8.0,2.0,6.0,,1.0,,,,,,,,,,,,,
107700,Eduardo Melo,364,REM,5,Atacante,6,2.13,0.0,1.4,1,0,False,,1.0,,,,,,,1.0,,,,,,,,,,,
111945,Diego Hernández,364,REM,4,Meia,6,4.51,0.0,2.35,4,0,False,1.0,3.0,5.0,,,1.0,2.0,,,,,,,,,,,,,
107172,Patrick de Paula,364,REM,4,Meia,6,7.36,0.0,5.48,6,0,False,4.0,8.0,8.0,9.0,13.0,2.0,3.0,,,,,,,,,,,,,
117338,Yago Ferreira,364,REM,4,Meia,6,2.0,0.0,0.0,0,0,False,,,,,,,,,,,,,,,,,,,,
102911,Zé Ricardo,364,REM,4,Meia,7,4.56,-0.14,3.09,11,0,True,3.0,22.0,15.0,2.0,9.0,,2.0,,,,,,,,,,,,,
141386,Marcos Alexandre,364,REM,1,Goleiro,6,1.0,0.0,0.0,0,0,False,,,,,,,,,,,,,,,,,,,,
143455,PH Gama,364,REM,4,Meia,6,2.0,0.0,0.0,0,0,False,,,,,,,,,,,,,,,,,,,,
83048,Rafael Thyere,315,CHA,3,Zagueiro,7,4.0,0.0,0.0,0,0,False,,,,,,,,,,,,,,,,,,,,
145782,Tassano,364,REM,3,Zagueiro,6,3.0,0.0,0.0,0,0,False,,,,,,,,,,,,,,,,,,,,
122441,Kayky Almeida,364,REM,3,Zagueiro,6,2.81,0.0,1.89,7,0,False,1.0,8.0,5.0,1.0,1.0,,2.0,,,,,,,,,,,,,
142593,Nicolás Ferreira,364,REM,5,Atacante,6,2.74,0.0,0.2,1,0,False,,,2.0,1.0,,,,,,,,,,,,,,,,
68822,Rafael Santos,315,CHA,1,Goleiro,6,4.94,-0.48,3.75,4,0,True,,,,,,,,,,,,,,,20.0,11.0,,,,
68938,Giovanni Augusto,315,CHA,4,Meia,5,3.2,0.0,0.93,7,0,False,1.0,3.0,5.0,,9.0,,,,,,,,,,,,,,,
71043,Léo Vieira,265,BAH,1,Goleiro,7,7.4,0.16,5.76,11,0,True,1.0,,,,3.0,,,,,,,,,,53.0,16.0,2.0,,,
146040,João Pedro,364,REM,5,Atacante,6,3.13,0.0,2.06,5,0,False,2.0,1.0,9.0,3.0,4.0,,1.0,1.0,1.0,,,,,,,,,,,
141385,João Victor,364,REM,1,Goleiro,6,1.0,0.0,0.0,0,0,False,,,,,,,,,,,,,,,,,,,,
88293,Neto Pessoa,315,CHA,5,Atacante,6,4.39,0.0,3.0,5,0,False,1.0,3.0,1.0,2.0,2.0,,1.0,1.0,,,,,,,,,,,,
70958,Jean Carlos,315,CHA,4,Meia,7,7.27,-0.07,3.6,11,0,True,1.0,2.0,3.0,6.0,6.0,2.0,4.0,2.0,1.0,,,,,,,,,,,
95620,Bruno Leonardo,315,CHA,3,Zagueiro,6,3.59,0.58,1.76,10,0,True,2.0,9.0,10.0,,8.0,,1.0,,,,,,1.0,,,,1.0,,,
97432,Victor Caetano,315,CHA,3,Zagueiro,7,3.47,0.0,2.0,5,0,False,1.0,8.0,5.0,,1.0,,,,,,,,,,,,,,,
102906,Anderson,315,CHA,1,Goleiro,7,3.0,0.0,0.0,0,0,False,,,,,,,,,,,,,,,,,,,,
101393,Eduardo Doma,315,CHA,3,Zagueiro,7,4.63,0.04,3.39,11,0,True,2.0,15.0,8.0,5.0,2.0,,1.0,1.0,,,,,,,,,1.0,,,
95332,Marcinho,315,CHA,5,Atacante,7,4.73,1.54,2.49,10,0,True,,6.0,4.0,5.0,6.0,,2.0,1.0,3.0,,,,,,,,,,,
104519,Camilo,315,CHA,4,Meia,7,4.8,0.0,2.84,9,0,False,2.0,17.0,17.0,3.0,7.0,,1.0,,,,,,,,,,,,,
105664,Walter Clar,315,CHA,2,Lateral,6,7.88,0.0,5.2,9,0,False,,5.0,4.0,3.0,1.0,1.0,3.0,3.0,,,,,,,,,1.0,,,
97969,Marcos Vinícius,315,CHA,2,Lateral,7,2.96,-0.29,1.72,5,0,True,2.0,1.0,5.0,2.0,2.0,1.0,,,,,,1.0,,,,,,,,
103987,Higor Meritão,315,CHA,4,Meia,7,7.49,-0.43,4.65,9,0,True,1.0,22.0,14.0,2.0,4.0,,2.0,1.0,,,,,,,,,,,,
116066,Rubens,315,CHA,5,Atacante,6,3.15,0.0,2.28,5,0,False,1.0,1.0,2.0,1.0,3.0,,1.0,1.0,,,,,,,,,,,,
109336,Rafael Carvalheira,315,CHA,4,Meia,6,4.94,0.0,2.39,9,0,False,1.0,10.0,12.0,2.0,3.0,,,1.0,,,,,,,,,,,,
107516,Ênio,315,CHA,5,Atacante,6,4.71,0.0,2.63,3,0,False,,,1.0,,12.0,,2.0,,2.0,,,,,,,,,,,
104470,Everton,315,CHA,2,Lateral,6,3.71,-0.02,2.02,9,0,True,3.0,6.0,9.0,4.0,7.0,1.0,1.0,,,,,,,,,,1.0,1.0,,
111279,Mancha,315,CHA,2,Lateral,6,3.0,0.0,0.0,0,0,False,,,,,,,,,,,,,,,,,,,,
107453,João Paulo,315,CHA,3,Zagueiro,6,4.91,0.0,7.0,1,0,False,,1.0,,,1.0,1.0,,,,,,,,,,,,,,
122138,João Vitor,315,CHA,4,Meia,6,4.23,0.66,2.63,7,0,True,,7.0,8.0,8.0,3.0,,2.0,,,,,,,,,,,,,
97900,Vitão,262,FLA,3,Zagueiro,6,8.27,0.0,1.9,3,0,False,1.0,1.0,2.0,1.0,,,,,,,,,,,,,1.0,,,
121870,Gustavo Talles,315,CHA,2,Lateral,6,2.0,0.0,0.0,0,0,False,,,,,,,,,,,,,,,,,,,,
140438,David,315,CHA,4,Meia,6,1.46,0.15,1.08,4,0,True,,2.0,2.0,3.0,1.0,,,,,,,,1.0,,,,,,,
130843,Arthur Dias,293,CAP,3,Zagueiro,7,6.12,-0.57,4.04,9,0,True,2.0,14.0,6.0,1.0,7.0,,,,1.0,,,,,,,,3.0,,,
130414,Robert,315,CHA,4,Meia,5,3.51,0.0,3.0,1,0,False,,2.0,,,,,,,,,,,,,,,,,,
99552,Rossi,262,FLA,1,Goleiro,7,9.56,1.59,4.58,10,0,True,,,,,2.0,,,,,,,,,,26.0,9.0,4.0,,,
124674,Felipe Negrucci,276,SAO,4,Meia,6,1.61,-0.39,-0.6,1,0,True,,,2.0,,,,,,,,,,,,,,,,,
89274,Andreas Pereira,275,PAL,4,Meia,7,13.55,-0.18,6.12,12,0,True,2.0,12.0,14.0,6.0,8.0,8.0,4.0,1.0,,,,,,,,,,,,
89837,Lucho Acosta,266,FLU,4,Meia,5,11.51,0.0,6.86,10,0,False,3.0,12.0,9.0,8.0,12.0,3.0,4.0,3.0,,,,,,,,,,,,
51772,Everton Ribeiro,265,BAH,4,Meia,6,9.21,-0.55,5.05,7,0,True,,9.0,5.0,1.0,18.0,2.0,3.0,,,,,,,,,,,,,
110426,Bernabei,285,INT,2,Lateral,7,10.01,0.0,5.6,10,0,False,3.0,15.0,15.0,6.0,9.0,,6.0,1.0,4.0,,,1.0,1.0,,,,3.0,,,
112709,Kaiki Bruno,283,CRU,2,Lateral,7,11.22,0.39,5.43,11,0,True,1.0,24.0,19.0,3.0,11.0,2.0,2.0,,,,,,,,,,2.0,,,
123625,Ítalo,315,CHA,5,Atacante,6,2.92,-0.04,1.85,11,0,True,,8.0,5.0,6.0,9.0,,,,4.0,,1.0,,,,,,,,,
130806,Kauan,315,CHA,3,Zagueiro,6,1.0,0.0,0.0,0,0,False,,,,,,,,,,,,,,,,,,,,
68708,Eduardo,2305,MIR,4,Meia,7,6.21,0.0,2.98,5,0,False,,3.0,7.0,2.0,7.0,,2.0,1.0,,,,,,,,,,1.0,,
143463,Wesley Natã,266,FLU,5,Atacante,6,1.0,0.0,0.0,0,0,False,,,,,,,,,,,,,,,,,,,,
